suite,mode,rate,seed,model,brier,log_loss,accuracy,f1,auc,blocked_false_positive_rate,affordance_loss_rate,accessible_prediction_variance,ece,reliability_slope,mean_prediction,positive_rate,access_rate
correspondence_stress,random_site,0.0,0,conserved_quotient,0.02824068039229698,0.12014879053897365,0.968125,0.7524271844660194,0.8690902979170069,0.0,0.0,9.244463733058732e-33,0.010397589101637107,1.013887260366883,0.05848832676767126,0.0659375,0.0803125
correspondence_stress,random_site,0.0,0,interaction_logistic,0.035576423439131234,0.1616535638736463,0.968125,0.7524271844660194,0.857280803705213,0.0,0.0,0.0023037806600585287,0.03893498449596947,0.8075864852699437,0.10474290805799803,0.0659375,0.0803125
correspondence_stress,random_site,0.02,0,conserved_quotient,0.028429516786893125,0.12059969512386669,0.9678125,0.7493917274939172,0.8691267665484343,0.0,0.009950248756218905,0.004051421695180748,0.009873570990630635,1.022812673526194,0.05796430865666479,0.0659375,0.0803125
correspondence_stress,random_site,0.05,0,conserved_quotient,0.029256917781376943,0.12264369475376276,0.9665625,0.7396593673965937,0.8686177913011215,0.0,0.01990049751243781,0.009580408356901013,0.00998278760977219,1.005678416920197,0.05852169481058355,0.0659375,0.0803125
correspondence_stress,random_site,0.1,0,conserved_quotient,0.030393710871015625,0.12522426086834887,0.964375,0.7219512195121951,0.8679581847500868,0.0,0.03482587064676617,0.01368606726245791,0.01043585285987324,1.0009071385006545,0.05822598947887221,0.0659375,0.0803125
correspondence_stress,random_site,0.1,0,interaction_logistic,0.0356115292437105,0.15835241718395696,0.9640625,0.7188264058679706,0.861668138625196,0.0,0.03980099502487562,0.03121603632357237,0.03620321158942091,0.818497479054014,0.10061608462928506,0.0659375,0.0803125
correspondence_stress,random_site,0.2,0,conserved_quotient,0.03163004674300675,0.12801009025029086,0.9615625,0.7021791767554479,0.8673429747938333,0.0,0.06965174129353234,0.02392398194871287,0.009763120943503898,0.9834234666222336,0.05912120135652016,0.0659375,0.0803125
correspondence_stress,random_site,0.3,0,conserved_quotient,0.0323143051271917,0.12947796064477124,0.9603125,0.6954436450839329,0.865587723707306,0.0,0.06965174129353234,0.022442183559287704,0.010954168220225664,0.9852680840177166,0.05908111149753658,0.0659375,0.0803125
correspondence_stress,random_site,0.3,0,interaction_logistic,0.03524499670443828,0.1465057391262263,0.9603125,0.6954436450839329,0.856408727736297,0.0,0.06965174129353234,0.04457038847384015,0.024094548338632903,0.8223714320201737,0.08883201366763921,0.0659375,0.0803125
correspondence_stress,handle_slot_swap,0.0,0,conserved_quotient,0.02824068039229698,0.12014879053897365,0.968125,0.7524271844660194,0.8690902979170069,0.0,0.0,9.244463733058732e-33,0.010397589101637107,1.013887260366883,0.05848832676767126,0.0659375,0.0803125
correspondence_stress,handle_slot_swap,0.0,0,interaction_logistic,0.035576423439131234,0.1616535638736463,0.968125,0.7524271844660194,0.857280803705213,0.0,0.0,0.0023037806600585287,0.03893498449596947,0.8075864852699437,0.10474290805799803,0.0659375,0.0803125
correspondence_stress,handle_slot_swap,0.02,0,conserved_quotient,0.028318113124703333,0.1204147846000895,0.968125,0.7524271844660194,0.8690791987683116,0.0,0.0,0.00024414995167145923,0.010445419217080476,1.011554491690738,0.05853615688311462,0.0659375,0.0803125
correspondence_stress,handle_slot_swap,0.05,0,conserved_quotient,0.02835159707174121,0.12049051068514625,0.968125,0.7524271844660194,0.8689539369473218,0.0,0.0,0.0002731979562281489,0.010519721407624633,1.0108077296559006,0.05861045907365879,0.0659375,0.0803125
correspondence_stress,handle_slot_swap,0.1,0,conserved_quotient,0.028418488175949,0.1206869101162803,0.968125,0.7524271844660194,0.8689650360960172,0.0,0.0,0.0003758601155459837,0.010553928506229965,1.0098081750667018,0.058644666172264125,0.0659375,0.0803125
correspondence_stress,handle_slot_swap,0.1,0,interaction_logistic,0.03614583822078123,0.163314449332888,0.9678125,0.7506053268765133,0.858588917658587,0.0003397893306150187,0.0,0.0032975330527817643,0.041684698809075355,0.8058492011857306,0.10626220829390476,0.0659375,0.0803125
correspondence_stress,handle_slot_swap,0.2,0,conserved_quotient,0.028396851470775815,0.12059311755331766,0.968125,0.7524271844660194,0.8690173606541521,0.0,0.0,0.0002985216480983695,0.011057915852069087,1.006748658986746,0.05882440923705748,0.0659375,0.0803125
correspondence_stress,handle_slot_swap,0.3,0,conserved_quotient,0.028444352517465254,0.12075235585157625,0.968125,0.7524271844660194,0.8688778284991255,0.0,0.0,0.0004568562965176985,0.010589267976252089,1.0093519537115005,0.05868000564228624,0.0659375,0.0803125
correspondence_stress,handle_slot_swap,0.3,0,interaction_logistic,0.03623569516488779,0.166203818719046,0.968125,0.7524271844660194,0.859754328271593,0.0,0.0,0.0027203658792102773,0.040336890803338764,0.8126761164070071,0.10565146607461141,0.0659375,0.0803125
correspondence_stress,random_site,0.0,1,conserved_quotient,0.02848989381881516,0.11986370220064956,0.96625,0.7326732673267327,0.8829354171575172,0.0,0.0,9.437056727497456e-33,0.009710465921881156,1.04031610590489,0.057170052261848084,0.06375,0.0875
correspondence_stress,random_site,0.0,1,interaction_logistic,0.028485326879737323,0.11888156327899814,0.9646875,0.712468193384224,0.8896011675698317,0.0,0.055,0.0030164327530598878,0.007857885115983225,1.064897155536109,0.058188922677934025,0.06375,0.0875
correspondence_stress,random_site,0.02,1,conserved_quotient,0.028926082648445286,0.12091188026846683,0.965625,0.7277227722772277,0.8825345558784261,0.0,0.005,0.0025801659657209864,0.009811737381183775,1.0315335931920906,0.05763927302910403,0.06375,0.0875
correspondence_stress,random_site,0.05,1,conserved_quotient,0.029747591247410186,0.12287138476573028,0.9640625,0.7160493827160493,0.881845728945784,0.0,0.015,0.00968847065526347,0.007459150380318087,1.0063812251048063,0.05790938512210213,0.06375,0.0875
correspondence_stress,random_site,0.1,1,conserved_quotient,0.030501744925179576,0.12482335189473105,0.9634375,0.7111111111111111,0.8811192701379618,0.0,0.03,0.012911785270445302,0.009230334264012577,1.00671866092296,0.05831439090572767,0.06375,0.0875
correspondence_stress,random_site,0.1,1,interaction_logistic,0.031056562470309038,0.12607896731703552,0.96125,0.6536312849162011,0.8839563862928349,0.0,0.26,0.017245656908377836,0.012409450857796916,1.1031689134368896,0.05509802529317402,0.06375,0.0875
correspondence_stress,random_site,0.2,1,conserved_quotient,0.03166328983389795,0.12747326447127108,0.961875,0.7009803921568627,0.8808182151365219,0.0,0.055,0.011554944750788654,0.011611842793101285,1.0105518345723825,0.05888904574357487,0.06375,0.0875
correspondence_stress,random_site,0.3,1,conserved_quotient,0.03401465408739247,0.13251930565557582,0.9559375,0.6518518518518519,0.8770566637870101,0.0,0.1,0.010709731200597778,0.008254720169670791,1.0002551795773387,0.05813905534740385,0.06375,0.0875
correspondence_stress,random_site,0.3,1,interaction_logistic,0.03398015184406904,0.135288603604902,0.955,0.6043956043956044,0.8662988559909945,0.0,0.285,0.030028228003659643,0.010941925993206236,1.0702596061607597,0.05458206422506799,0.06375,0.0875
correspondence_stress,handle_slot_swap,0.0,1,conserved_quotient,0.02848989381881516,0.11986370220064956,0.96625,0.7326732673267327,0.8829354171575172,0.0,0.0,9.437056727497456e-33,0.009710465921881156,1.04031610590489,0.057170052261848084,0.06375,0.0875
correspondence_stress,handle_slot_swap,0.0,1,interaction_logistic,0.028485326879737323,0.11888156327899814,0.9646875,0.712468193384224,0.8896011675698317,0.0,0.055,0.0030164327530598878,0.007857885115983225,1.064897155536109,0.058188922677934025,0.06375,0.0875
correspondence_stress,handle_slot_swap,0.02,1,conserved_quotient,0.028541464013480376,0.11999076396465366,0.96625,0.7326732673267327,0.8829256001466007,0.0,0.0,0.00033266137643623683,0.009799510289094534,1.0416243810838017,0.0570810078946347,0.06375,0.0875
correspondence_stress,handle_slot_swap,0.05,1,conserved_quotient,0.0287439023398152,0.12056072487787378,0.96625,0.7326732673267327,0.8826343621560774,0.0,0.0,0.0010162882442838585,0.00989216215991542,1.0433340652297756,0.05698835602381382,0.06375,0.0875
correspondence_stress,handle_slot_swap,0.1,1,conserved_quotient,0.02868572558207032,0.12047585210774038,0.96625,0.7326732673267327,0.8827848896567972,0.0,0.0,0.001581634798716803,0.00976569361483033,1.0445249437128992,0.05711482456889891,0.06375,0.0875
correspondence_stress,handle_slot_swap,0.1,1,interaction_logistic,0.02874994539258947,0.12029087875549095,0.9640625,0.7088607594936709,0.8868458598392628,0.0,0.045,0.004535018615760142,0.009525580909088355,1.10259925142179,0.055627368040265524,0.06375,0.0875
correspondence_stress,handle_slot_swap,0.2,1,conserved_quotient,0.029160001432152232,0.12168849507052636,0.96625,0.7326732673267327,0.8818751799785335,0.0,0.0,0.003225973261926093,0.009570041036043003,1.0354355432920275,0.05731047714768625,0.06375,0.0875
correspondence_stress,handle_slot_swap,0.3,1,conserved_quotient,0.02920414577563547,0.12184211215784142,0.96625,0.7326732673267327,0.8819259012016022,0.0,0.0,0.0022882065775166596,0.009662775253169834,1.0399394434216156,0.0572177429305594,0.06375,0.0875
correspondence_stress,handle_slot_swap,0.3,1,interaction_logistic,0.029151463510195576,0.12134846525678945,0.96375,0.7055837563451777,0.8865660750281421,0.0,0.05,0.0036824741155609625,0.00863019261711411,1.0820485521118088,0.055812694609868194,0.06375,0.0875
correspondence_stress,random_site,0.0,2,conserved_quotient,0.03232040207508852,0.13605709131714902,0.9621875,0.7268623024830699,0.8755205688901233,0.0,0.0,5.257788748177154e-32,0.013231258160508061,0.978163114413414,0.06483393533827918,0.0728125,0.0915625
correspondence_stress,random_site,0.0,2,interaction_logistic,0.03332431733745655,0.13988766902541871,0.9621875,0.7268623024830699,0.883641371249698,0.0,0.0,0.0031710619263743117,0.01295678660141152,0.876829545111796,0.07570690512072402,0.0728125,0.0915625
correspondence_stress,random_site,0.02,2,conserved_quotient,0.0329916534305343,0.13750886246876803,0.960625,0.7149321266968326,0.8751097552331729,0.0,0.01904761904761905,0.008059147914780521,0.012882684285533547,0.9814796271036014,0.06470704911302338,0.0728125,0.0915625
correspondence_stress,random_site,0.05,2,conserved_quotient,0.03374690191947085,0.13971787921855938,0.9596875,0.7101123595505618,0.8742403925295562,0.0,0.023809523809523808,0.014729615639623158,0.013990062019541278,0.9553756342565823,0.06572064608918785,0.0728125,0.0915625
correspondence_stress,random_site,0.1,2,conserved_quotient,0.03447271750716111,0.14086583540462,0.9575,0.6936936936936937,0.8738556163579055,0.0,0.04285714285714286,0.014946897598841017,0.011744254984298614,0.9670300640228925,0.06540522583843587,0.0728125,0.0915625
correspondence_stress,random_site,0.1,2,interaction_logistic,0.035877784834255265,0.14585942456586584,0.9575,0.6936936936936937,0.8858155012722204,0.0,0.04285714285714286,0.026505248420848136,0.012620406734290577,0.8440502707436962,0.08141921232829405,0.0728125,0.0915625
correspondence_stress,random_site,0.2,2,conserved_quotient,0.03519982148800011,0.14261151183810214,0.95625,0.6832579185520362,0.8730643661101878,0.0,0.08571428571428572,0.022239090982700983,0.013514456695896269,0.9782230269666079,0.06468118494758546,0.0728125,0.0915625
correspondence_stress,random_site,0.3,2,conserved_quotient,0.036654780403810004,0.14578804454214364,0.9528125,0.6560364464692483,0.8715946947177174,0.0,0.12857142857142856,0.020009642933242824,0.012742217286423269,0.9685890079525162,0.0649605028496307,0.0728125,0.0915625
correspondence_stress,random_site,0.3,2,interaction_logistic,0.03805303517270046,0.151755032173145,0.9521875,0.654627539503386,0.8709524367469923,0.0,0.10952380952380952,0.026625056319719113,0.012280977547625554,0.8644612977429271,0.07889939990999353,0.0728125,0.0915625
correspondence_stress,handle_slot_swap,0.0,2,conserved_quotient,0.03232040207508852,0.13605709131714902,0.9621875,0.7268623024830699,0.8755205688901233,0.0,0.0,5.257788748177154e-32,0.013231258160508061,0.978163114413414,0.06483393533827918,0.0728125,0.0915625
correspondence_stress,handle_slot_swap,0.0,2,interaction_logistic,0.03332431733745655,0.13988766902541871,0.9621875,0.7268623024830699,0.883641371249698,0.0,0.0,0.0031710619263743117,0.01295678660141152,0.876829545111796,0.07570690512072402,0.0728125,0.0915625
correspondence_stress,handle_slot_swap,0.02,2,conserved_quotient,0.03230448666567756,0.13599815899204365,0.9621875,0.7268623024830699,0.8754193120028467,0.0,0.0,0.0009373314069031399,0.012730280133381493,0.9873045455445629,0.0643329573111526,0.0728125,0.0915625
correspondence_stress,handle_slot_swap,0.05,2,conserved_quotient,0.03235024356657135,0.13614802954067237,0.9621875,0.7268623024830699,0.8753802557748973,0.0,0.0,0.0018042408334102116,0.013159815860550136,0.9791227828772457,0.06476249303832127,0.0728125,0.0915625
correspondence_stress,handle_slot_swap,0.1,2,conserved_quotient,0.03253284649141497,0.13660956107798733,0.9621875,0.7268623024830699,0.8749969261302076,0.0,0.0,0.0016556423686202243,0.012913119528507872,0.9841000350413103,0.06451579670627898,0.0728125,0.0915625
correspondence_stress,handle_slot_swap,0.1,2,interaction_logistic,0.033516557630744105,0.1402957431388785,0.9621875,0.7268623024830699,0.8826910030362601,0.0,0.0,0.003602220245153944,0.011471524866373397,0.8778053191047605,0.07664154352720004,0.0728125,0.0915625
correspondence_stress,handle_slot_swap,0.2,2,conserved_quotient,0.03271756562676337,0.13714535550479817,0.9621875,0.7268623024830699,0.8749202602012698,0.0,0.0,0.0022387579251737944,0.009613344443710196,0.9744388872695832,0.06484056842438178,0.0728125,0.0915625
correspondence_stress,handle_slot_swap,0.3,2,conserved_quotient,0.032813138018143104,0.13747114103376412,0.9621875,0.7268623024830699,0.8747307651693667,0.0,0.0,0.002884880000572185,0.010197334113093839,0.9633030404637352,0.06536405316704345,0.0728125,0.0915625
correspondence_stress,handle_slot_swap,0.3,2,interaction_logistic,0.03362826018842377,0.14677412362628434,0.9628125,0.7301587301587301,0.8724886483796728,0.0,0.009523809523809525,0.008642695004033077,0.013316307291623152,0.8653066304870272,0.07649669810791579,0.0728125,0.0915625
correspondence_stress,random_site,0.0,3,conserved_quotient,0.030235607159469602,0.12531831168441931,0.9640625,0.7461368653421634,0.88409888414481,0.0,0.0,1.9259299443872359e-32,0.012292323886677121,1.023538343254,0.06482489736561618,0.0734375,0.0925
correspondence_stress,random_site,0.0,3,interaction_logistic,0.0455568198656382,0.17087046668430303,0.9290625,0.16236162361623616,0.8808754619496968,0.0,0.8348623853211009,0.011442950199326906,0.04166703401609347,1.6795384263471973,0.03333738205618536,0.0734375,0.0925
correspondence_stress,random_site,0.02,3,conserved_quotient,0.03018409188748782,0.12526920441826758,0.964375,0.748898678414097,0.8838592084962864,0.0,0.0045871559633027525,0.0029428434869741074,0.010155076411251157,1.021100273802138,0.06527618469126446,0.0734375,0.0925
correspondence_stress,random_site,0.05,3,conserved_quotient,0.02992886530061967,0.124724278775317,0.965,0.7522123893805309,0.8838147178070396,0.0,0.01834862385321101,0.007262635940554007,0.009633154526185288,1.02765559652879,0.06543759714993642,0.0734375,0.0925
correspondence_stress,random_site,0.1,3,conserved_quotient,0.030467656285691008,0.12601517846387378,0.9640625,0.7461368653421634,0.8835994402784256,0.0,0.03669724770642202,0.012191476496270795,0.009804201956279934,1.035846485102867,0.06540225111231213,0.0734375,0.0925
correspondence_stress,random_site,0.1,3,interaction_logistic,0.047857149251922255,0.18072868390131627,0.928125,0.12213740458015267,0.8800789350938252,0.0,0.8853211009174312,0.015902894133317986,0.04509883421743368,1.794847959824116,0.02925645783305624,0.0734375,0.0925
correspondence_stress,random_site,0.2,3,conserved_quotient,0.032562686056853446,0.13073393977004508,0.96,0.7168141592920354,0.8825460155717413,0.0,0.08256880733944955,0.01594231714803169,0.008003728534817268,1.018267257095849,0.06636811262041738,0.0734375,0.0925
correspondence_stress,random_site,0.3,3,conserved_quotient,0.03359123783844747,0.13306851990465518,0.958125,0.7022222222222222,0.8805640271249686,0.0,0.11926605504587157,0.013261961242982788,0.009502432331269434,1.0315812562214994,0.06595901118115359,0.0734375,0.0925
correspondence_stress,random_site,0.3,3,interaction_logistic,0.046683677322224726,0.17405598013707468,0.930625,0.18382352941176472,0.8864511499407987,0.0,0.8532110091743119,0.023772367532038544,0.04092727933731472,1.5383491036993004,0.03491557327826265,0.0734375,0.0925
correspondence_stress,handle_slot_swap,0.0,3,conserved_quotient,0.030235607159469602,0.12531831168441931,0.9640625,0.7461368653421634,0.88409888414481,0.0,0.0,1.9259299443872359e-32,0.012292323886677121,1.023538343254,0.06482489736561618,0.0734375,0.0925
correspondence_stress,handle_slot_swap,0.0,3,interaction_logistic,0.0455568198656382,0.17087046668430303,0.9290625,0.16236162361623616,0.8808754619496968,0.0,0.8348623853211009,0.011442950199326906,0.04166703401609347,1.6795384263471973,0.03333738205618536,0.0734375,0.0925
correspondence_stress,handle_slot_swap,0.02,3,conserved_quotient,0.03042724427529496,0.12588843772604347,0.9640625,0.7461368653421634,0.8832722184349324,0.0,0.0,0.00032006904586737633,0.011184668404195028,1.0197781819542606,0.0648789634535312,0.0734375,0.0925
correspondence_stress,handle_slot_swap,0.05,3,conserved_quotient,0.030639357697194603,0.12652432346408996,0.9640625,0.7461368653421634,0.8830124502170715,0.0,0.0,0.0002776994221983122,0.0088936893029552,1.0213530351702136,0.06475637022064007,0.0734375,0.0925
correspondence_stress,handle_slot_swap,0.1,3,conserved_quotient,0.03088732797103904,0.12723591807591325,0.9640625,0.7461368653421634,0.8824713860284884,0.0,0.0,0.00010094288169822558,0.010594108070183026,1.0196452839577828,0.06487491299422718,0.0734375,0.0925
correspondence_stress,handle_slot_swap,0.1,3,interaction_logistic,0.044781087820920856,0.16679585278447476,0.929375,0.18705035971223022,0.8819087940870439,0.0,0.8027522935779816,0.011739462125899942,0.040362524074145194,1.5743762251270053,0.034981792245987346,0.0734375,0.0925
correspondence_stress,handle_slot_swap,0.2,3,conserved_quotient,0.030996416594895767,0.12755414770382026,0.9640625,0.7461368653421634,0.8822575436833985,0.0,0.0,0.00047518994285662057,0.00850302486780017,1.015213454539308,0.06493447513219983,0.0734375,0.0925
correspondence_stress,handle_slot_swap,0.3,3,conserved_quotient,0.031112812292166097,0.1278924690842582,0.9640625,0.7461368653421634,0.881957590326863,0.0,0.0,0.0003188804864031582,0.008683101936265984,1.0179043439577466,0.06475439806373401,0.0734375,0.0925
correspondence_stress,handle_slot_swap,0.3,3,interaction_logistic,0.04502665054208988,0.16951399304784012,0.9340625,0.29900332225913623,0.8921516988984967,0.0,0.6972477064220184,0.018161403026054356,0.04013874883687964,1.528169800421271,0.035162940765784884,0.0734375,0.0925
correspondence_stress,random_site,0.0,4,conserved_quotient,0.02503605157964832,0.1050351268963532,0.9715625,0.7807228915662651,0.9152001086105428,0.0,0.0,3.394451526982503e-32,0.006883956160298483,1.0155667835643372,0.05991062402973206,0.06625,0.0821875
correspondence_stress,random_site,0.0,4,interaction_logistic,0.025905719645878494,0.11206781756337879,0.9678125,0.726790450928382,0.9022805056704807,0.0,0.18719211822660098,0.005116538582882727,0.014590641738103885,0.9877740001642299,0.05753260056502871,0.06625,0.0821875
correspondence_stress,random_site,0.02,4,conserved_quotient,0.025317610803588343,0.10565841486690018,0.97125,0.7777777777777778,0.9151780076279963,0.0,0.0049261083743842365,0.0016624481898481881,0.007189020027404708,1.014136351709591,0.059910673357854535,0.06625,0.0821875
correspondence_stress,random_site,0.05,4,conserved_quotient,0.02569400306870441,0.1063072712296471,0.970625,0.7718446601941747,0.9152048445353742,0.0,0.019704433497536946,0.008034214511624213,0.006947926511454634,1.0383995542335729,0.059302073488545375,0.06625,0.0821875
correspondence_stress,random_site,0.1,4,conserved_quotient,0.026751413654378317,0.10895498393879671,0.9690625,0.7591240875912408,0.9144313101462453,0.0,0.034482758620689655,0.017242573109268897,0.00812896065960161,1.0243635220583927,0.05912788282674125,0.06625,0.0821875
correspondence_stress,random_site,0.1,4,interaction_logistic,0.02646806478109304,0.11261757203853433,0.968125,0.746268656716418,0.8958696420903741,0.0,0.07881773399014778,0.013753211268628551,0.013428613484389654,1.0025736693169007,0.05831033723653384,0.06625,0.0821875
correspondence_stress,random_site,0.2,4,conserved_quotient,0.026401411034949876,0.10753901271689768,0.96875,0.7596153846153846,0.913801432143669,0.0,0.029556650246305417,0.011583084604621137,0.005557383764230934,1.0477364901809603,0.06069261623576907,0.06625,0.0821875
correspondence_stress,random_site,0.3,4,conserved_quotient,0.027887110492816686,0.11077045184834235,0.965625,0.7330097087378641,0.9128289889116213,0.0,0.08374384236453201,0.017756047671390916,0.006701766344923446,1.0630120103987528,0.059548233655076555,0.06625,0.0821875
correspondence_stress,random_site,0.3,4,interaction_logistic,0.027305972443489007,0.1124396795427867,0.966875,0.7439613526570048,0.9077299765098128,0.0,0.07389162561576355,0.015956065787900126,0.009793407616169463,0.9891989632575413,0.06263829559854277,0.06625,0.0821875
correspondence_stress,handle_slot_swap,0.0,4,conserved_quotient,0.02503605157964832,0.1050351268963532,0.9715625,0.7807228915662651,0.9152001086105428,0.0,0.0,3.394451526982503e-32,0.006883956160298483,1.0155667835643372,0.05991062402973206,0.06625,0.0821875
correspondence_stress,handle_slot_swap,0.0,4,interaction_logistic,0.025905719645878494,0.11206781756337879,0.9678125,0.726790450928382,0.9022805056704807,0.0,0.18719211822660098,0.005116538582882727,0.014590641738103885,0.9877740001642299,0.05753260056502871,0.06625,0.0821875
correspondence_stress,handle_slot_swap,0.02,4,conserved_quotient,0.02504220754075153,0.10508103635488815,0.9715625,0.7807228915662651,0.9150548735823798,0.0,0.0,0.00021759025979629278,0.0067681700250723335,1.015194114057202,0.059973373601067956,0.06625,0.0821875
correspondence_stress,handle_slot_swap,0.05,4,conserved_quotient,0.02514658987881977,0.10549418067282923,0.9715625,0.7807228915662651,0.9148717511555656,0.0,0.0,0.00042027158701068393,0.006345755019932132,1.017099903203554,0.060009781385607,0.06625,0.0821875
correspondence_stress,handle_slot_swap,0.1,4,conserved_quotient,0.025232872336144362,0.10573756167296765,0.9715625,0.7807228915662651,0.9146681063878154,0.0,0.0,0.0008864409211428233,0.006827206031199944,1.019300318435937,0.059864910446072776,0.06625,0.0821875
correspondence_stress,handle_slot_swap,0.1,4,interaction_logistic,0.025560675514371408,0.1107325068391804,0.9709375,0.774818401937046,0.902335758126847,0.0,0.009852216748768473,0.0034655566711628196,0.014601729264595596,1.0077987933575578,0.057721053552879945,0.06625,0.0821875
correspondence_stress,handle_slot_swap,0.2,4,conserved_quotient,0.02521152638590835,0.10572564560475707,0.9715625,0.7807228915662651,0.9137698593114597,0.0,0.0,0.0007830970107333029,0.00629266232666473,1.019495299437295,0.059957337673335276,0.06625,0.0821875
correspondence_stress,handle_slot_swap,0.3,4,conserved_quotient,0.02527531217483199,0.10594264854727847,0.9715625,0.7807228915662651,0.9134762319719129,0.0,0.0,0.0004401625732155766,0.008114635294460578,1.0142584135590496,0.06022698402372123,0.06625,0.0821875
correspondence_stress,handle_slot_swap,0.3,4,interaction_logistic,0.027715003156590888,0.11745131403802404,0.963125,0.6844919786096256,0.9021652648329166,0.0,0.2019704433497537,0.018508083913084596,0.01735654896396926,0.9870834219579081,0.05549125147333547,0.06625,0.0821875
correspondence_stress,random_site,0.0,5,conserved_quotient,0.02631371507972899,0.10991472119069061,0.969375,0.7869565217391304,0.9041414141414141,0.0,0.0,9.437056727497456e-33,0.004876473093634561,0.9875541270544089,0.06978665569091264,0.071875,0.09375
correspondence_stress,random_site,0.0,5,interaction_logistic,0.02903931437211514,0.1301741571155831,0.969375,0.7869565217391304,0.9050285463328942,0.0,0.0,0.0025984998229697407,0.03479864755732658,0.882033087103727,0.10667364755732658,0.071875,0.09375
correspondence_stress,random_site,0.02,5,conserved_quotient,0.02648717302985182,0.11026184444896298,0.9690625,0.7843137254901961,0.9038984043331869,0.0,0.008695652173913044,0.003901543265826176,0.003975729587693964,0.9937728601511586,0.06940707494136941,0.071875,0.09375
correspondence_stress,random_site,0.05,5,conserved_quotient,0.027558602565309537,0.11318114748265838,0.9678125,0.7765726681127982,0.9028751280925194,0.0,0.008695652173913044,0.008037803212852737,0.005198035934397813,0.9798902917497885,0.0698180618207776,0.071875,0.09375
correspondence_stress,random_site,0.1,5,conserved_quotient,0.02752094100631927,0.11277170027721276,0.9675,0.7758620689655172,0.9025911286780852,0.0,0.030434782608695653,0.01686185926557691,0.004408322654772461,0.9866987168585818,0.07003332265477247,0.071875,0.09375
correspondence_stress,random_site,0.1,5,interaction_logistic,0.02926566556923806,0.12596995562651744,0.9675,0.7758620689655172,0.9143507539159713,0.0,0.030434782608695653,0.0252825649618518,0.027734410251616937,0.888482574113767,0.09960941025161694,0.071875,0.09375
correspondence_stress,random_site,0.2,5,conserved_quotient,0.029103172903244347,0.11657924915054123,0.965,0.7554585152838428,0.9021168203776899,0.0,0.07391304347826087,0.019518969061527468,0.005551582294873314,1.009693556181448,0.06873432227533743,0.071875,0.09375
correspondence_stress,random_site,0.3,5,conserved_quotient,0.03035460466844911,0.11939877319544165,0.9628125,0.7373068432671082,0.9009017713365539,0.0,0.10869565217391304,0.014030484794640804,0.006696121261778582,1.0142664315260979,0.06858568614395635,0.071875,0.09375
correspondence_stress,random_site,0.3,5,interaction_logistic,0.03521788656369055,0.15132008718723405,0.9590625,0.7253668763102725,0.9007143902796076,0.0,0.08695652173913043,0.028564966869046624,0.04432295237419964,0.8516651564288324,0.11619795237419965,0.071875,0.09375
correspondence_stress,handle_slot_swap,0.0,5,conserved_quotient,0.02631371507972899,0.10991472119069061,0.969375,0.7869565217391304,0.9041414141414141,0.0,0.0,9.437056727497456e-33,0.004876473093634561,0.9875541270544089,0.06978665569091264,0.071875,0.09375
correspondence_stress,handle_slot_swap,0.0,5,interaction_logistic,0.02903931437211514,0.1301741571155831,0.969375,0.7869565217391304,0.9050285463328942,0.0,0.0,0.0025984998229697407,0.03479864755732658,0.882033087103727,0.10667364755732658,0.071875,0.09375
correspondence_stress,handle_slot_swap,0.02,5,conserved_quotient,0.026453254873070344,0.11042176038830293,0.969375,0.7869565217391304,0.9035441370223979,0.0,0.0,0.0002811087233228958,0.005296382485021821,0.9846742220344167,0.06989518923009568,0.071875,0.09375
correspondence_stress,handle_slot_swap,0.05,5,conserved_quotient,0.026562606168786775,0.11069749159702282,0.969375,0.7869565217391304,0.9025164690382081,0.0,0.0,0.0005017617838378129,0.004920344345839152,0.989302027330441,0.06970707015299377,0.071875,0.09375
correspondence_stress,handle_slot_swap,0.1,5,conserved_quotient,0.02662043636411653,0.11086231143866712,0.969375,0.7869565217391304,0.9027302005562875,0.0,0.0,0.0006391315504391611,0.004655366547153303,0.9928295586737689,0.06954984499282618,0.071875,0.09375
correspondence_stress,handle_slot_swap,0.1,5,interaction_logistic,0.02958135916336822,0.1331328684696129,0.969375,0.7869565217391304,0.9089576928707364,0.0,0.0,0.0031842369522816693,0.03815068192100092,0.8807257313604775,0.11002568192100093,0.071875,0.09375
correspondence_stress,handle_slot_swap,0.2,5,conserved_quotient,0.026671383050169865,0.11099532224017956,0.969375,0.7869565217391304,0.9026379739423218,0.0,0.0,0.0007074025894764106,0.004221559420262916,0.9932968612622755,0.06960434663709139,0.071875,0.09375
correspondence_stress,handle_slot_swap,0.3,5,conserved_quotient,0.026940327772198146,0.11186009541236146,0.969375,0.7869565217391304,0.9021241399502269,0.0,0.0,2.1464780629447297e-05,0.006530141794888277,0.9931402998020299,0.06945572652569146,0.071875,0.09375
correspondence_stress,handle_slot_swap,0.3,5,interaction_logistic,0.02977459262074846,0.13349250822030329,0.969375,0.7869565217391304,0.9087015078319426,0.0,0.0,0.0036718427156524846,0.037638862115647286,0.8816456304004255,0.1095138621156473,0.071875,0.09375
correspondence_stress,random_site,0.0,6,conserved_quotient,0.022708446680642123,0.09538781797790158,0.973125,0.7794871794871795,0.925453137313514,0.0,0.0,2.792598419361492e-32,0.0031513818831996714,0.9815082091416526,0.06265138188319967,0.06125,0.0875
correspondence_stress,random_site,0.0,6,interaction_logistic,0.025341600623819103,0.11617780198671826,0.9728125,0.7763496143958869,0.9137170847033886,0.0,0.005154639175257732,0.0035442463323929045,0.030072361607537013,0.9221401929647463,0.08782468677136013,0.06125,0.0875
correspondence_stress,random_site,0.02,6,conserved_quotient,0.02367948150636277,0.09792896989647865,0.971875,0.7692307692307693,0.9248603902279954,0.0,0.010309278350515464,0.005657694019978382,0.003314114666841667,0.975900492047301,0.06260243561602671,0.06125,0.0875
correspondence_stress,random_site,0.05,6,conserved_quotient,0.024158453880183128,0.09907122174783708,0.9709375,0.7633587786259542,0.9242676431424767,0.0,0.015463917525773196,0.010092858301365732,0.004567731895549065,0.9655611114369533,0.06347901545259604,0.06125,0.0875
correspondence_stress,random_site,0.1,6,conserved_quotient,0.024862427178508284,0.10088005296609209,0.97,0.7551020408163265,0.9241776271094323,0.0,0.03608247422680412,0.013462808293249376,0.005849847701447925,0.9742199618583038,0.06282508848415516,0.06125,0.0875
correspondence_stress,random_site,0.1,6,interaction_logistic,0.027851036239542788,0.12265763604176519,0.969375,0.7487179487179487,0.9108858257017853,0.0,0.04639175257731959,0.021985217740228283,0.03184866232595604,0.8806374142363164,0.09035803352322568,0.06125,0.0875
correspondence_stress,random_site,0.2,6,conserved_quotient,0.026811587000564786,0.10540838237982315,0.966875,0.7336683417085427,0.922170099730971,0.0,0.05670103092783505,0.01561377570920425,0.004710328332182369,0.964907157575134,0.06330292163094177,0.06125,0.0875
correspondence_stress,random_site,0.3,6,conserved_quotient,0.028156093565677373,0.10833037521302652,0.9640625,0.7146401985111662,0.9207723035952063,0.0,0.08247422680412371,0.01784602757255644,0.004790919566868571,0.9387845645559653,0.06429091956686857,0.06125,0.0875
correspondence_stress,random_site,0.3,6,interaction_logistic,0.03258945820647288,0.13199991233477315,0.9565625,0.6713947990543735,0.9097869507323568,0.0,0.12886597938144329,0.02576521740179274,0.03220392836923477,0.8330824917987486,0.0934082294713785,0.06125,0.0875
correspondence_stress,handle_slot_swap,0.0,6,conserved_quotient,0.022708446680642123,0.09538781797790158,0.973125,0.7794871794871795,0.925453137313514,0.0,0.0,2.792598419361492e-32,0.0031513818831996714,0.9815082091416526,0.06265138188319967,0.06125,0.0875
correspondence_stress,handle_slot_swap,0.0,6,interaction_logistic,0.025341600623819103,0.11617780198671826,0.9728125,0.7763496143958869,0.9137170847033886,0.0,0.005154639175257732,0.0035442463323929045,0.030072361607537013,0.9221401929647463,0.08782468677136013,0.06125,0.0875
correspondence_stress,handle_slot_swap,0.02,6,conserved_quotient,0.022878447208436948,0.09592177325804002,0.973125,0.7794871794871795,0.9252510258430936,0.0,0.0,0.0008872755430277407,0.003330499323402519,0.9808481557278271,0.06258157794276974,0.06125,0.0875
correspondence_stress,handle_slot_swap,0.05,6,conserved_quotient,0.02298598738647505,0.09635603600737694,0.973125,0.7794871794871795,0.925330851381831,0.0,0.0,0.0007319313880091115,0.003140048297528104,0.9822057115657358,0.06264004829752809,0.06125,0.0875
correspondence_stress,handle_slot_swap,0.1,6,conserved_quotient,0.023023905388215485,0.09649443338925096,0.973125,0.7794871794871795,0.9250234381369059,0.0,0.0,0.0013937916858317878,0.003582875470530699,0.9736744796614196,0.0630828754705307,0.06125,0.0875
correspondence_stress,handle_slot_swap,0.1,6,interaction_logistic,0.025607969141780124,0.11810001003787861,0.973125,0.7794871794871795,0.9111966357781461,0.0,0.0,0.005283896056805804,0.031145624966010414,0.9128344564157105,0.0899828423022413,0.06125,0.0875
correspondence_stress,handle_slot_swap,0.2,6,conserved_quotient,0.023173247210044424,0.09696296499696816,0.973125,0.7794871794871795,0.9247567868692084,0.0,0.0,0.0015467151850079072,0.00320988752229741,0.9798024986386076,0.06270988752229742,0.06125,0.0875
correspondence_stress,handle_slot_swap,0.3,6,conserved_quotient,0.023339030074446508,0.0975086314237053,0.973125,0.7794871794871795,0.924704135981956,0.0,0.0,0.000466575712600024,0.003924253391442024,0.9791484580547067,0.06279941207650609,0.06125,0.0875
correspondence_stress,handle_slot_swap,0.3,6,interaction_logistic,0.02568002460197045,0.11846116989855343,0.9728125,0.7763496143958869,0.9077726296910242,0.0,0.005154639175257732,0.008454765816266295,0.03129707492657741,0.9180982547394485,0.08924929975976953,0.06125,0.0875
correspondence_stress,random_site,0.0,7,conserved_quotient,0.027818227983281544,0.11832563718094047,0.9690625,0.7692307692307693,0.8848225716129279,0.0,0.0,1.560003254953661e-32,0.010037014955245286,0.9972277695798285,0.064638880013722,0.0715625,0.09
correspondence_stress,random_site,0.0,7,interaction_logistic,0.029018491073056804,0.12633395323322244,0.9671875,0.7482014388489209,0.8898787257903548,0.0,0.065,0.008455529050285585,0.008451743895389862,1.099216195732815,0.06712964398270095,0.0715625,0.09
correspondence_stress,random_site,0.02,7,conserved_quotient,0.02857963224469851,0.12024964713257459,0.9678125,0.7621247113163973,0.884209659900141,0.0,0.0,0.004385602700945321,0.010163934623180692,0.9868107405199147,0.06510334719614598,0.0715625,0.09
correspondence_stress,random_site,0.05,7,conserved_quotient,0.028771519171888027,0.12049404670446506,0.9671875,0.7575057736720554,0.8838510257084863,0.0,0.01,0.008010412301039221,0.008454226077056037,0.9977229888891799,0.06529693044530462,0.0715625,0.09
correspondence_stress,random_site,0.1,7,conserved_quotient,0.029132041358583816,0.12148021035416981,0.966875,0.7568807339449541,0.8838598445820516,0.0,0.015,0.013238394786161869,0.009384635781121373,0.9865831606072919,0.06607943437507918,0.0715625,0.09
correspondence_stress,random_site,0.1,7,interaction_logistic,0.030242353435717108,0.1285936962646543,0.965625,0.7429906542056075,0.8861983158891115,0.0,0.06,0.015397934787747466,0.007598693124776728,1.0746345657518852,0.0688189975517184,0.0715625,0.09
correspondence_stress,random_site,0.2,7,conserved_quotient,0.031514399535088645,0.12723753245376912,0.9628125,0.7264367816091954,0.8822695077157795,0.0,0.06,0.022631117751197853,0.010998198870132125,0.9554677332907425,0.06733100615432924,0.0715625,0.09
correspondence_stress,random_site,0.3,7,conserved_quotient,0.03281619280630838,0.12977864038192455,0.96,0.7090909090909091,0.880242636608026,0.0,0.085,0.016298722438903228,0.011539145049009764,0.9552597817696241,0.06839386690657459,0.0715625,0.09
correspondence_stress,random_site,0.3,7,interaction_logistic,0.03358802168826083,0.1337637481188204,0.95875,0.6972477064220184,0.8880341114029505,0.0,0.105,0.03331843009007987,0.010601293113360158,0.9699438371068806,0.07044476335350568,0.0715625,0.09
correspondence_stress,handle_slot_swap,0.0,7,conserved_quotient,0.027818227983281544,0.11832563718094047,0.9690625,0.7692307692307693,0.8848225716129279,0.0,0.0,1.560003254953661e-32,0.010037014955245286,0.9972277695798285,0.064638880013722,0.0715625,0.09
correspondence_stress,handle_slot_swap,0.0,7,interaction_logistic,0.029018491073056804,0.12633395323322244,0.9671875,0.7482014388489209,0.8898787257903548,0.0,0.065,0.008455529050285585,0.008451743895389862,1.099216195732815,0.06712964398270095,0.0715625,0.09
correspondence_stress,handle_slot_swap,0.02,7,conserved_quotient,0.027784449099632375,0.11818172512381596,0.9690625,0.7692307692307693,0.8848225716129279,0.0,0.0,1.560003254953661e-32,0.009661053977629157,1.0029671001660945,0.06442676043721517,0.0715625,0.09
correspondence_stress,handle_slot_swap,0.05,7,conserved_quotient,0.027749226513816626,0.11809496374533833,0.9690625,0.7692307692307693,0.8849254584711895,0.0,0.0,0.00016060341964666767,0.009189977039667663,1.0083214293344462,0.0642727120241939,0.0715625,0.09
correspondence_stress,handle_slot_swap,0.1,7,conserved_quotient,0.027838658917006848,0.11836601501634021,0.9690625,0.7692307692307693,0.8845491865324042,0.0,0.0,0.0009759474179950497,0.00958444135489113,1.0113269416053965,0.06406016332268885,0.0715625,0.09
correspondence_stress,handle_slot_swap,0.1,7,interaction_logistic,0.029095296413067757,0.1271441480428822,0.9675,0.7523809523809524,0.8889733214376527,0.0,0.055,0.009593964091577652,0.008809426761333937,1.1083319957252833,0.06809532898244819,0.0715625,0.09
correspondence_stress,handle_slot_swap,0.2,7,conserved_quotient,0.02787877713640014,0.11860802482130108,0.9690625,0.7692307692307693,0.8842346467085759,0.0,0.0,0.0010952912035378762,0.009047544418166258,1.0215355592847741,0.06369765086581436,0.0715625,0.09
correspondence_stress,handle_slot_swap,0.3,7,conserved_quotient,0.027833446059304823,0.11856303802545444,0.9690625,0.7692307692307693,0.8842331768963151,0.0,0.0,0.0006894295662123184,0.008208286467534505,1.0238566315123425,0.0637432338237639,0.0715625,0.09
correspondence_stress,handle_slot_swap,0.3,7,interaction_logistic,0.029244152176801267,0.12465451287115524,0.966875,0.75,0.8936017602471636,0.0,0.04,0.011602474180235531,0.009980440472683774,1.0556401976224445,0.0734161287095586,0.0715625,0.09
correspondence_stress,random_site,0.0,8,conserved_quotient,0.029911858946643246,0.12574819884014918,0.9646875,0.7414187643020596,0.8787610646240599,0.0,0.0,6.162975822039155e-32,0.010707760273469922,0.9239317159786004,0.0658525266862569,0.069375,0.0871875
correspondence_stress,random_site,0.0,8,interaction_logistic,0.032531813412259504,0.14271393669872154,0.9646875,0.7414187643020596,0.8756042812456513,0.0,0.0,0.005377418521259615,0.02834318916128401,0.8698994701465907,0.09660394838108527,0.069375,0.0871875
correspondence_stress,random_site,0.02,8,conserved_quotient,0.029866068513134877,0.12625993719221712,0.9653125,0.7448275862068966,0.8791603894021625,0.0,0.009302325581395349,0.0029474119695209844,0.009357606712883978,0.9308551074985174,0.06570334931103888,0.069375,0.0871875
correspondence_stress,random_site,0.05,8,conserved_quotient,0.03026209519520045,0.12663124186241093,0.964375,0.7373271889400922,0.8787111490267971,0.0,0.018604651162790697,0.005687108010409754,0.012673104235994328,0.933777608891003,0.06576342272159444,0.069375,0.0871875
correspondence_stress,random_site,0.1,8,conserved_quotient,0.03111864857244681,0.12837343005730895,0.9628125,0.7264367816091954,0.8780728344193757,0.0,0.027906976744186046,0.013053156081175918,0.012796340925829083,0.931739585041022,0.06555439569670166,0.069375,0.0871875
correspondence_stress,random_site,0.1,8,interaction_logistic,0.03311144059473504,0.14309647460986322,0.963125,0.7255813953488373,0.8812901215520423,0.0,0.05581395348837209,0.021944068601169327,0.027367079762010235,0.8924188701278543,0.0945924907749583,0.069375,0.0871875
correspondence_stress,random_site,0.2,8,conserved_quotient,0.0319429953549164,0.13003287109028175,0.96125,0.7116279069767442,0.8767977177983894,0.0,0.05581395348837209,0.018291287286186987,0.011915182284213656,0.9341888914163946,0.06574711128380026,0.069375,0.0871875
correspondence_stress,random_site,0.3,8,conserved_quotient,0.03272240459337192,0.13139436295137316,0.9603125,0.7066974595842956,0.8762955366380484,0.0,0.09302325581395349,0.02077046083161211,0.009496353272710277,0.9400336087844375,0.06650260327271028,0.069375,0.0871875
correspondence_stress,random_site,0.3,8,interaction_logistic,0.04117571977621958,0.16750258717557465,0.94875,0.646551724137931,0.8767992303922458,0.0,0.14883720930232558,0.02667715948227401,0.04386861314295208,0.7952457506503148,0.10827603083755764,0.069375,0.0871875
correspondence_stress,handle_slot_swap,0.0,8,conserved_quotient,0.029911858946643246,0.12574819884014918,0.9646875,0.7414187643020596,0.8787610646240599,0.0,0.0,6.162975822039155e-32,0.010707760273469922,0.9239317159786004,0.0658525266862569,0.069375,0.0871875
correspondence_stress,handle_slot_swap,0.0,8,interaction_logistic,0.032531813412259504,0.14271393669872154,0.9646875,0.7414187643020596,0.8756042812456513,0.0,0.0,0.005377418521259615,0.02834318916128401,0.8698994701465907,0.09660394838108527,0.069375,0.0871875
correspondence_stress,handle_slot_swap,0.02,8,conserved_quotient,0.029864861569076133,0.12562158278246616,0.9646875,0.7414187643020596,0.8785235873885975,0.0,0.0,0.0002630846707121929,0.011742342079036064,0.9252444526324266,0.06584718019977609,0.069375,0.0871875
correspondence_stress,handle_slot_swap,0.05,8,conserved_quotient,0.029911858946643246,0.12574819884014918,0.9646875,0.7414187643020596,0.8788684587878678,0.0,0.0,0.0004681596206892591,0.010707760273469922,0.9239317159786004,0.0658525266862569,0.069375,0.0871875
correspondence_stress,handle_slot_swap,0.1,8,conserved_quotient,0.03018174913406908,0.1264500253968739,0.9646875,0.7414187643020596,0.8782679590268576,0.0,0.0,0.0018766601765120407,0.011040924946072202,0.9178294684074721,0.06618569135885916,0.069375,0.0871875
correspondence_stress,handle_slot_swap,0.1,8,interaction_logistic,0.032521546090236005,0.14201624937553442,0.9646875,0.7414187643020596,0.8783193872179769,0.0,0.0,0.007316426019597169,0.026252816683215597,0.8725290669044578,0.09486571968073088,0.069375,0.0871875
correspondence_stress,handle_slot_swap,0.2,8,conserved_quotient,0.03056728259984125,0.12728818787223328,0.9646875,0.7414187643020596,0.8774481331566624,0.0,0.0,0.0020917101887578003,0.011593683721029386,0.9094267420087355,0.06673845013381634,0.069375,0.0871875
correspondence_stress,handle_slot_swap,0.3,8,conserved_quotient,0.03076262531416313,0.12760898187717462,0.9646875,0.7414187643020596,0.8769489771840343,0.0,0.0,0.0011568547147134318,0.012485920712275063,0.9094007910839503,0.06659075883301509,0.069375,0.0871875
correspondence_stress,handle_slot_swap,0.3,8,interaction_logistic,0.03281679553441464,0.1426251448868542,0.9646875,0.7414187643020596,0.8720088456488725,0.0,0.0,0.006796037557823665,0.0237895878606669,0.8664166437504095,0.09272105916139559,0.069375,0.0871875
correspondence_stress,random_site,0.0,9,conserved_quotient,0.02892604533452747,0.12058348198129189,0.96625,0.7534246575342466,0.8744933970517345,0.0,0.0,6.355568816477878e-33,0.009817651465332101,1.0336895943419206,0.060807348534667904,0.070625,0.0859375
correspondence_stress,random_site,0.0,9,interaction_logistic,0.03068458116209742,0.14028801722991008,0.9628125,0.6972010178117048,0.8791919348215508,0.0,0.21226415094339623,0.004564852188639926,0.010320095790264425,0.9448323496090126,0.07417812987264742,0.070625,0.0859375
correspondence_stress,random_site,0.02,9,conserved_quotient,0.029300189273737707,0.12137101732443015,0.9653125,0.7448275862068966,0.8747850099088859,0.0,0.014150943396226415,0.004304058788706519,0.010397152315232843,1.0423772522605097,0.06022784768476717,0.070625,0.0859375
correspondence_stress,random_site,0.05,9,conserved_quotient,0.029875032185874534,0.1229994546623556,0.964375,0.7385321100917431,0.8743699079336551,0.0,0.02358490566037736,0.010474205072987616,0.01219873771267766,1.0793732331184411,0.05842626228732234,0.070625,0.0859375
correspondence_stress,random_site,0.1,9,conserved_quotient,0.029319854200038683,0.12120697355177043,0.965,0.7442922374429224,0.8745841541144194,0.0,0.0330188679245283,0.013195002741109407,0.011210999535235088,1.0970251450774362,0.0594140004647649,0.070625,0.0859375
correspondence_stress,random_site,0.1,9,interaction_logistic,0.03334214412697401,0.15168247376257496,0.9603125,0.6701298701298701,0.8800132118478138,0.0,0.32075471698113206,0.025946399723075154,0.007948695024859741,0.9332335705149281,0.07694180976980787,0.070625,0.0859375
correspondence_stress,random_site,0.2,9,conserved_quotient,0.031177670865621922,0.12540390655522377,0.9621875,0.7256235827664399,0.8725250102659629,0.0,0.05660377358490566,0.015538793184196716,0.010902564142711499,1.0967451077002064,0.05972243585728851,0.070625,0.0859375
correspondence_stress,random_site,0.3,9,conserved_quotient,0.03283972057628871,0.12905317311269468,0.9590625,0.700228832951945,0.8712901190851688,0.0,0.1179245283018868,0.020045618793831654,0.01372009594916272,1.1413606319622078,0.056904904050837285,0.070625,0.0859375
correspondence_stress,random_site,0.3,9,interaction_logistic,0.03695164968683028,0.1503632441130333,0.9509375,0.6045340050377834,0.8883331052008261,0.0,0.3584905660377358,0.04747021276648464,0.01984189217970696,0.9066967981611578,0.07200801514641113,0.070625,0.0859375
correspondence_stress,handle_slot_swap,0.0,9,conserved_quotient,0.02892604533452747,0.12058348198129189,0.96625,0.7534246575342466,0.8744933970517345,0.0,0.0,6.355568816477878e-33,0.009817651465332101,1.0336895943419206,0.060807348534667904,0.070625,0.0859375
correspondence_stress,handle_slot_swap,0.0,9,interaction_logistic,0.03068458116209742,0.14028801722991008,0.9628125,0.6972010178117048,0.8791919348215508,0.0,0.21226415094339623,0.004564852188639926,0.010320095790264425,0.9448323496090126,0.07417812987264742,0.070625,0.0859375
correspondence_stress,handle_slot_swap,0.02,9,conserved_quotient,0.02890579627065156,0.12057716396449164,0.96625,0.7534246575342466,0.8742851021537692,0.0,0.0,0.0005425085721346017,0.009804875154690468,1.036261741536646,0.06082012484530953,0.070625,0.0859375
correspondence_stress,handle_slot_swap,0.05,9,conserved_quotient,0.028845683968809325,0.12043283305943824,0.96625,0.7534246575342466,0.8745469585969255,0.0,0.0,0.0014368780266418011,0.010108759779269486,1.0446130910288263,0.060516240220730516,0.070625,0.0859375
correspondence_stress,handle_slot_swap,0.1,9,conserved_quotient,0.02899506168450909,0.12083693854633884,0.96625,0.7534246575342466,0.8741556617528908,0.0,0.0,0.0025701786821345674,0.010023591905196496,1.0412685700251803,0.060601408094803515,0.070625,0.0859375
correspondence_stress,handle_slot_swap,0.1,9,interaction_logistic,0.031211276282892532,0.13991941099619265,0.9603125,0.6631299734748011,0.8831763186554862,0.0,0.28773584905660377,0.01731231931836286,0.009919008401612537,0.9534851813805792,0.07197287475864247,0.070625,0.0859375
correspondence_stress,handle_slot_swap,0.2,9,conserved_quotient,0.029396764664249533,0.12190816600874163,0.96625,0.7534246575342466,0.8739190982616303,0.0,0.0,0.004482167650243665,0.009867614403363343,1.0327061443809098,0.06075738559663666,0.070625,0.0859375
correspondence_stress,handle_slot_swap,0.3,9,conserved_quotient,0.02938253367946854,0.12195573420419946,0.96625,0.7534246575342466,0.8733968731960174,0.0,0.0,0.0022200656247556485,0.009894438782371577,1.0392670920398714,0.06073056121762841,0.070625,0.0859375
correspondence_stress,handle_slot_swap,0.3,9,interaction_logistic,0.03283546140578054,0.13757256213137736,0.9584375,0.6434316353887399,0.8904800304705679,0.0,0.30660377358490565,0.03432803562025853,0.010092781978015653,0.9707607363801835,0.06712570297576148,0.070625,0.0859375
correspondence_stress,random_site,0.0,10,conserved_quotient,0.024191403977497375,0.10543703796361764,0.9728125,0.8053691275167785,0.9153549992680428,0.0,0.0,3.0814879110195774e-33,0.0073212067747053,1.0433404101960593,0.06633393067459618,0.071875,0.0878125
correspondence_stress,random_site,0.0,10,interaction_logistic,0.028628143665364782,0.11920429249827681,0.9615625,0.663013698630137,0.8999297321036451,0.0,0.3778801843317972,0.008666011118636541,0.013900518635106208,1.1713545046237557,0.06020843106326801,0.071875,0.0878125
correspondence_stress,random_site,0.02,10,conserved_quotient,0.02462019893248368,0.10657553108525264,0.9721875,0.8017817371937639,0.915180793441663,0.0,0.0,0.002872745369594962,0.007595590643123492,1.034863397888327,0.067004097690072,0.071875,0.0878125
correspondence_stress,random_site,0.05,10,conserved_quotient,0.02560767825857121,0.10899388440090158,0.970625,0.7901785714285714,0.9146157224418094,0.0,0.013824884792626729,0.009050101625096969,0.005787521651697618,1.0293155449397458,0.06643941052495854,0.071875,0.0878125
correspondence_stress,random_site,0.1,10,conserved_quotient,0.027273617055052334,0.11275915471317749,0.9675,0.7688888888888888,0.9134694773825208,0.0,0.03225806451612903,0.014658467021767652,0.0056239067554376704,1.0185451184051193,0.06724189844434812,0.071875,0.0878125
correspondence_stress,random_site,0.1,10,interaction_logistic,0.031356558011374464,0.1240062620237628,0.954375,0.5989010989010989,0.897413263065437,0.0,0.4147465437788018,0.019366621159627534,0.01580096283819326,1.1464338894219128,0.06474606873409076,0.071875,0.0878125
correspondence_stress,random_site,0.2,10,conserved_quotient,0.029264491449745175,0.11766956962784779,0.964375,0.7455357142857143,0.9119894598155468,0.0,0.08294930875576037,0.012659220696941424,0.007647525057602645,1.0514170383298715,0.06567131708110356,0.071875,0.0878125
correspondence_stress,random_site,0.3,10,conserved_quotient,0.03080870075504557,0.12102029357053311,0.960625,0.7212389380530974,0.9100219587176109,0.0,0.0967741935483871,0.00602095162658043,0.007453592473911912,1.0337197195838699,0.06632792549827451,0.071875,0.0878125
correspondence_stress,random_site,0.3,10,interaction_logistic,0.034113314061101734,0.12991775356907165,0.95,0.574468085106383,0.8960445030010248,0.0,0.41935483870967744,0.023890882756901995,0.014833088894800374,1.2087435350520932,0.059276285179732754,0.071875,0.0878125
correspondence_stress,handle_slot_swap,0.0,10,conserved_quotient,0.024191403977497375,0.10543703796361764,0.9728125,0.8053691275167785,0.9153549992680428,0.0,0.0,3.0814879110195774e-33,0.0073212067747053,1.0433404101960593,0.06633393067459618,0.071875,0.0878125
correspondence_stress,handle_slot_swap,0.0,10,interaction_logistic,0.028628143665364782,0.11920429249827681,0.9615625,0.663013698630137,0.8999297321036451,0.0,0.3778801843317972,0.008666011118636541,0.013900518635106208,1.1713545046237557,0.06020843106326801,0.071875,0.0878125
correspondence_stress,handle_slot_swap,0.02,10,conserved_quotient,0.02421913675068626,0.10553746106081591,0.9728125,0.8053691275167785,0.9153549992680428,0.0,0.0,0.0001224740669007751,0.007281124871497503,1.0413858973651948,0.06637401257780398,0.071875,0.0878125
correspondence_stress,handle_slot_swap,0.05,10,conserved_quotient,0.024266379049190906,0.10574006620438188,0.9728125,0.8053691275167785,0.9152949787732396,0.0,0.0,0.00038450129976111267,0.007441497717599015,1.045527609424886,0.06621363973170247,0.071875,0.0878125
correspondence_stress,handle_slot_swap,0.1,10,conserved_quotient,0.02442908262516882,0.10634381495883051,0.9728125,0.8053691275167785,0.9150651441955789,0.0,0.0,0.0006603613156374608,0.007333165820767807,1.0443813277212888,0.06632197162853368,0.071875,0.0878125
correspondence_stress,handle_slot_swap,0.1,10,interaction_logistic,0.027359951254255693,0.11703231597969392,0.9640625,0.7117794486215538,0.8966373883765189,0.0,0.22119815668202766,0.012442698110831922,0.012649107880337008,1.176745636138711,0.0638227513736628,0.071875,0.0878125
correspondence_stress,handle_slot_swap,0.2,10,conserved_quotient,0.024602917681159697,0.10693714840175321,0.9728125,0.8053691275167785,0.9149026496852584,0.0,0.0,0.0007096805179006762,0.00748243583884083,1.04710190536043,0.06617270161046065,0.071875,0.0878125
correspondence_stress,handle_slot_swap,0.3,10,conserved_quotient,0.024808733221106084,0.1075854562800625,0.9728125,0.8053691275167785,0.9139613526570048,0.0,0.0,0.0008830945321812679,0.007685461094250614,1.0487727194305607,0.06596967635505088,0.071875,0.0878125
correspondence_stress,handle_slot_swap,0.3,10,interaction_logistic,0.027569573813730756,0.11696356320476065,0.9671875,0.7505938242280285,0.8931064265846874,0.0,0.11981566820276497,0.010398820429277996,0.011778144222511472,1.202005937986068,0.06213537457344591,0.071875,0.0878125
correspondence_stress,random_site,0.0,11,conserved_quotient,0.027567934035585853,0.11701904373637043,0.9684375,0.7645687645687645,0.884236091109831,0.0,0.0,9.437056727497456e-33,0.008173596857410882,1.0034806673364436,0.061826403142589116,0.07,0.0878125
correspondence_stress,random_site,0.0,11,interaction_logistic,0.038945187293892056,0.17091654503123066,0.9659375,0.7494252873563219,0.8772051411290323,0.0020554984583761563,0.02926829268292683,0.008070222769493896,0.06006459223185573,0.8200791908611966,0.12864789643561192,0.07,0.0878125
correspondence_stress,random_site,0.02,11,conserved_quotient,0.02747446828324212,0.11655026931919245,0.9684375,0.7645687645687645,0.884537610407066,0.0,0.0,0.0002570814292873815,0.007793461772158264,1.0079433486508782,0.06220653822784174,0.07,0.0878125
correspondence_stress,random_site,0.05,11,conserved_quotient,0.027174979669594434,0.11570246424935635,0.96875,0.7674418604651163,0.884288594470046,0.0,0.014634146341463415,0.010321833238316966,0.0077460882691422735,1.0291776821321068,0.06225391173085772,0.07,0.0878125
correspondence_stress,random_site,0.1,11,conserved_quotient,0.02768318009280021,0.11679262791992573,0.9678125,0.7610208816705336,0.8837845622119815,0.0,0.01951219512195122,0.013027068851257904,0.006924690795965484,1.0165641404997554,0.06307530920403452,0.07,0.0878125
correspondence_stress,random_site,0.1,11,interaction_logistic,0.040633161099061,0.17262782571637303,0.9559375,0.6954643628509719,0.880370343701997,0.002398081534772182,0.07804878048780488,0.018615054393598326,0.05837652160950897,0.8013836173912885,0.12813163024659513,0.07,0.0878125
correspondence_stress,random_site,0.2,11,conserved_quotient,0.031250048708681026,0.12513892509648367,0.961875,0.7162790697674418,0.881628924251152,0.0,0.06829268292682927,0.027654693282442414,0.009291529429405943,0.9784758060179706,0.0635706458952694,0.07,0.0878125
correspondence_stress,random_site,0.3,11,conserved_quotient,0.032330465783005836,0.12716351698103684,0.9571875,0.6761229314420804,0.8804963517665131,0.0,0.13658536585365855,0.02020930703296868,0.009304413886890855,0.9855519173508291,0.06461010418539831,0.07,0.0878125
correspondence_stress,random_site,0.3,11,interaction_logistic,0.04885815914068948,0.1986632562300331,0.9534375,0.7002012072434608,0.8715737807219662,0.0006851661527920521,0.024390243902439025,0.01446233953105383,0.07155610864183973,0.6999178872210948,0.14155610864183973,0.07,0.0878125
correspondence_stress,handle_slot_swap,0.0,11,conserved_quotient,0.027567934035585853,0.11701904373637043,0.9684375,0.7645687645687645,0.884236091109831,0.0,0.0,9.437056727497456e-33,0.008173596857410882,1.0034806673364436,0.061826403142589116,0.07,0.0878125
correspondence_stress,handle_slot_swap,0.0,11,interaction_logistic,0.038945187293892056,0.17091654503123066,0.9659375,0.7494252873563219,0.8772051411290323,0.0020554984583761563,0.02926829268292683,0.008070222769493896,0.06006459223185573,0.8200791908611966,0.12864789643561192,0.07,0.0878125
correspondence_stress,handle_slot_swap,0.02,11,conserved_quotient,0.02748087003805499,0.11677948023460505,0.9684375,0.7645687645687645,0.8844926075268817,0.0,0.0,0.00042701130286040357,0.008532291301855325,1.0078955862946855,0.06172576425370023,0.07,0.0878125
correspondence_stress,handle_slot_swap,0.05,11,conserved_quotient,0.027491108751094,0.11677396493724565,0.9684375,0.7645687645687645,0.8844821068548387,0.0,0.0,0.0006464538778464511,0.008208932176052926,1.0056453809942865,0.061791067823947075,0.07,0.0878125
correspondence_stress,handle_slot_swap,0.1,11,conserved_quotient,0.02759670055341259,0.11711244602807314,0.9684375,0.7645687645687645,0.8842240903417818,0.0,0.0,0.0011055002191990113,0.008141347304105337,1.0031269907261808,0.06185865269589466,0.07,0.0878125
correspondence_stress,handle_slot_swap,0.1,11,interaction_logistic,0.040751130424333794,0.1761761342962675,0.96375,0.7339449541284404,0.876932123655914,0.0034258307639602604,0.04390243902439024,0.01191801107118862,0.059893050527246666,0.8083472442620674,0.12989305052724667,0.07,0.0878125
correspondence_stress,handle_slot_swap,0.2,11,conserved_quotient,0.02775440830602597,0.11764280334097195,0.9684375,0.7645687645687645,0.8839480726766513,0.0,0.0,0.0026894148213685936,0.008241889910104426,1.00426528149648,0.06175811008989557,0.07,0.0878125
correspondence_stress,handle_slot_swap,0.3,11,conserved_quotient,0.028162006850933192,0.11886336930989275,0.9684375,0.7645687645687645,0.8832760296658986,0.0,0.0,0.0031573748227271756,0.009390262083031394,1.0034717936194169,0.06160244987980252,0.07,0.0878125
correspondence_stress,handle_slot_swap,0.3,11,interaction_logistic,0.043022691082068076,0.1855480614575855,0.965,0.7431192660550459,0.8779101862519201,0.002398081534772182,0.01951219512195122,0.011373894631407233,0.067941711913423,0.7816763177375485,0.13745669301439492,0.07,0.0878125
correspondence_stress,random_site,0.0,12,conserved_quotient,0.02770285879628821,0.11669138355945399,0.9678125,0.7794432548179872,0.8971299663761751,0.0,0.0,1.8488927466117464e-32,0.007521291293066611,0.9902011461437078,0.06956985920906873,0.07375,0.093125
correspondence_stress,random_site,0.0,12,interaction_logistic,0.028944679182437646,0.12619420330486059,0.9671875,0.7741935483870968,0.8889413069832338,0.0,0.008658008658008658,0.0038248660868240125,0.01068109495182312,1.101749641583655,0.07171704334066135,0.07375,0.093125
correspondence_stress,random_site,0.02,12,conserved_quotient,0.02818128617639876,0.11795927116206403,0.9671875,0.7761194029850746,0.8970041629497473,0.0,0.0,0.0032249394589956345,0.00771977355761849,0.9933304754284619,0.069561420288081,0.07375,0.093125
correspondence_stress,random_site,0.05,12,conserved_quotient,0.029280403211461855,0.1204191190005956,0.965,0.7606837606837606,0.8964694983874288,0.0,0.017316017316017316,0.011855499832245833,0.008617803298283743,0.9852221032585076,0.0689529853296221,0.07375,0.093125
correspondence_stress,random_site,0.1,12,conserved_quotient,0.0316823473912651,0.12619339730525142,0.9615625,0.7366167023554604,0.8945066790182759,0.0,0.04329004329004329,0.020818589458014094,0.009780736247736854,0.9673369076232943,0.06905972363959803,0.07375,0.093125
correspondence_stress,random_site,0.1,12,interaction_logistic,0.0324176109591688,0.13021697365723467,0.960625,0.7260869565217392,0.8906367940712276,0.0,0.0735930735930736,0.021277210172964474,0.012382493489246811,1.0426418780350173,0.07360720128283764,0.07375,0.093125
correspondence_stress,random_site,0.2,12,conserved_quotient,0.03187534081075445,0.12631149326812408,0.9603125,0.7257019438444925,0.8950127518927697,0.0,0.07792207792207792,0.019674995154100844,0.006563341892270189,0.9943474408885067,0.06825266235308187,0.07375,0.093125
correspondence_stress,random_site,0.3,12,conserved_quotient,0.03275184611454526,0.1283317348241739,0.95875,0.7142857142857143,0.8934058990370319,0.0,0.09956709956709957,0.016929372431987916,0.007265127787476264,1.010212755661248,0.0678018615503464,0.07375,0.093125
correspondence_stress,random_site,0.3,12,interaction_logistic,0.034572699886829136,0.13532937528766806,0.9553125,0.6757369614512472,0.8974587707861571,0.0,0.18181818181818182,0.037315783796431884,0.012406437135342107,1.0817246874337023,0.06799650385478133,0.07375,0.093125
correspondence_stress,handle_slot_swap,0.0,12,conserved_quotient,0.02770285879628821,0.11669138355945399,0.9678125,0.7794432548179872,0.8971299663761751,0.0,0.0,1.8488927466117464e-32,0.007521291293066611,0.9902011461437078,0.06956985920906873,0.07375,0.093125
correspondence_stress,handle_slot_swap,0.0,12,interaction_logistic,0.028944679182437646,0.12619420330486059,0.9671875,0.7741935483870968,0.8889413069832338,0.0,0.008658008658008658,0.0038248660868240125,0.01068109495182312,1.101749641583655,0.07171704334066135,0.07375,0.093125
correspondence_stress,handle_slot_swap,0.02,12,conserved_quotient,0.02773677986138185,0.11678906006446851,0.9678125,0.7794432548179872,0.8971271072073926,0.0,0.0,0.00014429679704365002,0.007535644310236,0.989877187189438,0.06958421222623812,0.07375,0.093125
correspondence_stress,handle_slot_swap,0.05,12,conserved_quotient,0.027695739092145163,0.11664840993266484,0.9678125,0.7794432548179872,0.8974258903451588,0.0,0.0,0.0009080266069734147,0.0053991721371784655,0.9850843713119333,0.06978667213717846,0.07375,0.093125
correspondence_stress,handle_slot_swap,0.1,12,conserved_quotient,0.028085901184419986,0.11784465583286398,0.9678125,0.7794432548179872,0.8965252521786866,0.0,0.0,0.0008223361737474445,0.005558988051606677,0.9820069339086481,0.06994648805160666,0.07375,0.093125
correspondence_stress,handle_slot_swap,0.1,12,interaction_logistic,0.02892804493227633,0.12552099239899114,0.9675,0.776824034334764,0.8890513849813583,0.0,0.004329004329004329,0.004101058003693653,0.00971379497962987,1.075084864163286,0.07341156788325541,0.07375,0.093125
correspondence_stress,handle_slot_swap,0.2,12,conserved_quotient,0.028251422323421132,0.11846986283207517,0.9678125,0.7794432548179872,0.8966553443582882,0.0,0.0,0.0021176350009761476,0.006991985792170213,0.9718955039359893,0.07038279101631872,0.07375,0.093125
correspondence_stress,handle_slot_swap,0.3,12,conserved_quotient,0.028360430927201336,0.11876930115719864,0.9678125,0.7794432548179872,0.8960492005764085,0.0,0.0,0.0017277218698705126,0.007357108884566035,0.9717817317370815,0.07039339489055897,0.07375,0.093125
correspondence_stress,handle_slot_swap,0.3,12,interaction_logistic,0.029507465971855343,0.12753263274392088,0.966875,0.7644444444444445,0.8830271163567328,0.0,0.0735930735930736,0.01176620957835486,0.010712585657286071,1.044467640609188,0.0741070047895899,0.07375,0.093125
correspondence_stress,random_site,0.0,13,conserved_quotient,0.026314535831283462,0.1144513882494206,0.970625,0.7684729064039408,0.8782996117785732,0.0,0.0,1.9259299443872359e-32,0.009324521286657745,1.050326927574879,0.058487978713342256,0.0678125,0.0809375
correspondence_stress,random_site,0.0,13,interaction_logistic,0.027747520800398533,0.11911805407829767,0.970625,0.7684729064039408,0.8914602100072454,0.0,0.0,0.0035334330386598716,0.011627148674911528,1.1812457407709462,0.06320023643118017,0.0678125,0.0809375
correspondence_stress,random_site,0.02,13,conserved_quotient,0.026300969406698505,0.11454001575984471,0.9709375,0.7703703703703704,0.8780431662678373,0.0,0.005291005291005291,0.0013689431038748918,0.009546769904321642,1.04783409676371,0.05858143549335788,0.0678125,0.0809375
correspondence_stress,random_site,0.05,13,conserved_quotient,0.026625322498871225,0.11526222609458327,0.9703125,0.7654320987654321,0.8779643787916472,0.0,0.010582010582010581,0.005029203576656453,0.009482228644551073,1.0579351013517015,0.05833027135544894,0.0678125,0.0809375
correspondence_stress,random_site,0.1,13,conserved_quotient,0.027214741323981783,0.11670655328597546,0.9696875,0.7581047381546134,0.8778454251511252,0.0,0.042328042328042326,0.011911770551118066,0.010572627878651368,1.0959955813163758,0.05723987212134864,0.0678125,0.0809375
correspondence_stress,random_site,0.1,13,interaction_logistic,0.028410034866525935,0.1207899584241933,0.9696875,0.7581047381546134,0.8895600414638404,0.0,0.042328042328042326,0.008519891889006877,0.013342321338924556,1.1978476646604312,0.06495013280961374,0.0678125,0.0809375
correspondence_stress,random_site,0.2,13,conserved_quotient,0.028754044204807795,0.12018699771908956,0.966875,0.7336683417085427,0.8767578490092088,0.0,0.08465608465608465,0.020342752695950646,0.011543005888399436,1.109280197023834,0.056269494111600565,0.0678125,0.0809375
correspondence_stress,random_site,0.3,13,conserved_quotient,0.03051417524641504,0.12397309314887454,0.9628125,0.7032418952618454,0.875806219885032,0.0,0.1164021164021164,0.018110695595631252,0.010870389176157605,1.096933067128061,0.056942110823842394,0.0678125,0.0809375
correspondence_stress,random_site,0.3,13,interaction_logistic,0.03228276864559468,0.1289350702185129,0.955625,0.6182795698924731,0.8754169170615053,0.0,0.291005291005291,0.014180321172732751,0.00965651213538193,1.1713173083747117,0.058552074855769784,0.0678125,0.0809375
correspondence_stress,handle_slot_swap,0.0,13,conserved_quotient,0.026314535831283462,0.1144513882494206,0.970625,0.7684729064039408,0.8782996117785732,0.0,0.0,1.9259299443872359e-32,0.009324521286657745,1.050326927574879,0.058487978713342256,0.0678125,0.0809375
correspondence_stress,handle_slot_swap,0.0,13,interaction_logistic,0.027747520800398533,0.11911805407829767,0.970625,0.7684729064039408,0.8914602100072454,0.0,0.0,0.0035334330386598716,0.011627148674911528,1.1812457407709462,0.06320023643118017,0.0678125,0.0809375
correspondence_stress,handle_slot_swap,0.02,13,conserved_quotient,0.02642677233457027,0.11481218197495256,0.970625,0.7684729064039408,0.8781250434489758,0.0,0.0,0.00026564522207334014,0.00923539978275919,1.0471543418306972,0.05857710021724081,0.0678125,0.0809375
correspondence_stress,handle_slot_swap,0.05,13,conserved_quotient,0.026451229587765156,0.11488541898227587,0.970625,0.7684729064039408,0.8779659236441216,0.0,0.0,0.0003990147130949949,0.009292761492395867,1.0481664184036559,0.058519738507604134,0.0678125,0.0809375
correspondence_stress,handle_slot_swap,0.1,13,conserved_quotient,0.026578501214517564,0.11529308335218018,0.970625,0.7684729064039408,0.8777975347244215,0.0,0.0,0.0006265076246935561,0.009497330156871115,1.0483082489570352,0.05845742223929502,0.0678125,0.0809375
correspondence_stress,handle_slot_swap,0.1,13,interaction_logistic,0.028110219585748785,0.12083084290258966,0.970625,0.7684729064039408,0.8926852780193756,0.0,0.0,0.004202687829676704,0.015132438521045729,1.1728587391716097,0.06583505452241224,0.0678125,0.0809375
correspondence_stress,handle_slot_swap,0.2,13,conserved_quotient,0.026672722752883665,0.11559409313952738,0.970625,0.7684729064039408,0.87763223550967,0.0,0.0,0.001024468732674923,0.009667024971930192,1.0519340909247574,0.05834079409650768,0.0678125,0.0809375
correspondence_stress,handle_slot_swap,0.3,13,conserved_quotient,0.026665495194715633,0.11558635451833567,0.970625,0.7684729064039408,0.8775240958364681,0.0,0.0,0.0003821981262978772,0.009515844697080602,1.054529478762939,0.05829665530291941,0.0678125,0.0809375
correspondence_stress,handle_slot_swap,0.3,13,interaction_logistic,0.02798893795566402,0.11983919277895057,0.970625,0.7684729064039408,0.8909998439699001,0.0,0.0,0.004301868304063815,0.014928501137176711,1.1532169306746314,0.06622254741969719,0.0678125,0.0809375
correspondence_stress,random_site,0.0,14,conserved_quotient,0.029733533737660016,0.1250964407671851,0.9653125,0.7299270072992701,0.8723969045660223,0.0,0.0,2.850376317693109e-32,0.013029591034068082,0.9423861024430645,0.06128660634019054,0.065,0.08125
correspondence_stress,random_site,0.0,14,interaction_logistic,0.034794032187944364,0.1685712203274438,0.9521875,0.48484848484848486,0.8570482825997532,0.0,0.5615763546798029,0.014340321343962776,0.029599794156168677,1.2752273317022684,0.03563558955655116,0.065,0.08125
correspondence_stress,random_site,0.02,14,conserved_quotient,0.03027606081466353,0.1263777233463522,0.964375,0.7219512195121951,0.8722072963800905,0.0,0.009852216748768473,0.00501621863087747,0.012624088515004654,0.9367806612523819,0.06102367443632972,0.065,0.08125
correspondence_stress,random_site,0.05,14,conserved_quotient,0.030432226041240133,0.12693186612249868,0.964375,0.7233009708737864,0.8718264731591937,0.0,0.009852216748768473,0.007246462822688669,0.01257043849878721,0.9360686126188859,0.061609979315113736,0.065,0.08125
correspondence_stress,random_site,0.1,14,conserved_quotient,0.031656155752524985,0.1297591609501021,0.9621875,0.7041564792176039,0.8704317281982723,0.0,0.04433497536945813,0.016702949231227206,0.010975145887559495,0.931114860377747,0.06138171027387742,0.065,0.08125
correspondence_stress,random_site,0.1,14,interaction_logistic,0.03778085245575404,0.18021125938321006,0.9490625,0.4359861591695502,0.8539149269847799,0.0,0.625615763546798,0.02896490887948539,0.032738069614090023,1.2874856154853438,0.03226193038590997,0.065,0.08125
correspondence_stress,random_site,0.2,14,conserved_quotient,0.031823274407173405,0.13012857118851698,0.9628125,0.7104622871046229,0.8707755938914027,0.0,0.07881773399014778,0.02182617734317344,0.014467812530661301,0.951801595394391,0.060849827836783756,0.065,0.08125
correspondence_stress,random_site,0.3,14,conserved_quotient,0.03253046741640926,0.13158222727321728,0.960625,0.6881188118811881,0.8700075200534759,0.0,0.12315270935960591,0.017087761847905836,0.01109923836099636,0.9487589059594275,0.061091301853059846,0.065,0.08125
correspondence_stress,random_site,0.3,14,interaction_logistic,0.037679261866430835,0.17343915654516054,0.9509375,0.4852459016393443,0.8555908705265323,0.0,0.5665024630541872,0.0274160643614184,0.02903085624865352,1.257836764119428,0.03596914375134648,0.065,0.08125
correspondence_stress,handle_slot_swap,0.0,14,conserved_quotient,0.029733533737660016,0.1250964407671851,0.9653125,0.7299270072992701,0.8723969045660223,0.0,0.0,2.850376317693109e-32,0.013029591034068082,0.9423861024430645,0.06128660634019054,0.065,0.08125
correspondence_stress,handle_slot_swap,0.0,14,interaction_logistic,0.034794032187944364,0.1685712203274438,0.9521875,0.48484848484848486,0.8570482825997532,0.0,0.5615763546798029,0.014340321343962776,0.029599794156168677,1.2752273317022684,0.03563558955655116,0.065,0.08125
correspondence_stress,handle_slot_swap,0.02,14,conserved_quotient,0.02987082221265834,0.12553354543204648,0.9653125,0.7299270072992701,0.8721799799465241,0.0,0.0,0.001201915410155689,0.013223642816810505,0.9423243337354854,0.06127061486649996,0.065,0.08125
correspondence_stress,handle_slot_swap,0.05,14,conserved_quotient,0.02978207977280032,0.1252625067571379,0.9653125,0.7299270072992701,0.8722490744549568,0.0,0.0,0.0013128834260652989,0.012384245535323728,0.9414592291070846,0.061540809921641654,0.065,0.08125
correspondence_stress,handle_slot_swap,0.1,14,conserved_quotient,0.030003654918730468,0.12598555790581567,0.9653125,0.7299270072992701,0.8716754293500617,0.0,0.0,0.0011996976341173515,0.01057241484774481,0.9360665233012714,0.06207241484774482,0.065,0.08125
correspondence_stress,handle_slot_swap,0.1,14,interaction_logistic,0.035096832522155716,0.16842273667223398,0.9490625,0.43986254295532645,0.8559042060880296,0.0,0.5911330049261084,0.018156559830170955,0.029879306864287344,1.3354615998051664,0.03512069313571265,0.065,0.08125
correspondence_stress,handle_slot_swap,0.2,14,conserved_quotient,0.030094962074127807,0.1262504702572875,0.9653125,0.7299270072992701,0.8707450637597697,0.0,0.0,0.0007112113996601804,0.010466381315372003,0.9373514363822653,0.061966381315372,0.065,0.08125
correspondence_stress,handle_slot_swap,0.3,14,conserved_quotient,0.03003694908387236,0.1260784112960001,0.9653125,0.7299270072992701,0.8709443130399013,0.0,0.0,0.0003300406700107462,0.010519381421664505,0.936906083178908,0.06201938142166452,0.065,0.08125
correspondence_stress,handle_slot_swap,0.3,14,interaction_logistic,0.035053767939229125,0.16966031241697654,0.94875,0.4421768707482993,0.855050969251337,0.0,0.5763546798029556,0.016099951368425503,0.02988735345590698,1.3579071773255087,0.03524841980419107,0.065,0.08125
correspondence_stress,random_site,0.0,15,conserved_quotient,0.02518668523517615,0.10552323291401464,0.97125,0.7819905213270142,0.8978792528604986,0.0,0.0,3.851859888774472e-33,0.008140525364070969,1.090907977621555,0.05906004083801962,0.06625,0.0853125
correspondence_stress,random_site,0.0,15,interaction_logistic,0.025857795698714697,0.11410662011472264,0.9696875,0.7673860911270983,0.898150779217499,0.0,0.023809523809523808,0.006967301912533429,0.008870518359605567,0.931223110728107,0.06834965773787237,0.06625,0.0853125
correspondence_stress,random_site,0.02,15,conserved_quotient,0.025559997624759256,0.10648385471364091,0.970625,0.7783018867924528,0.8973030486726782,0.0,0.0,0.003031071584357329,0.007676739334839862,1.0866622867468418,0.05931507873385103,0.06625,0.0853125
correspondence_stress,random_site,0.05,15,conserved_quotient,0.025321008708651806,0.10598614059661442,0.97125,0.7819905213270142,0.8975272157813644,0.0,0.009523809523809525,0.004730556337176255,0.008252727265148483,1.0854484931318822,0.059642230718044795,0.06625,0.0853125
correspondence_stress,random_site,0.1,15,conserved_quotient,0.02760033810719542,0.11143813931082384,0.9678125,0.7553444180522565,0.8954355156474957,0.0,0.03333333333333333,0.011516265809067606,0.007664521379109132,1.087167268148646,0.059064706026138676,0.06625,0.0853125
correspondence_stress,random_site,0.1,15,interaction_logistic,0.029174789734857747,0.12260748345272479,0.9621875,0.7268623024830699,0.8980734257785861,0.0,0.03333333333333333,0.016063759124183202,0.01027841503436228,0.9021994310441664,0.07193170145257408,0.06625,0.0853125
correspondence_stress,random_site,0.2,15,conserved_quotient,0.02824729410680948,0.11293509994944664,0.966875,0.7511737089201878,0.8953076456770478,0.0,0.0380952380952381,0.009185633580923305,0.009906783503171186,1.101093878859386,0.0593115109574702,0.06625,0.0853125
correspondence_stress,random_site,0.3,15,conserved_quotient,0.02900340764856846,0.11452305139076996,0.965,0.7370892018779343,0.8951103154757394,0.0,0.07142857142857142,0.010062664323888252,0.009654743750433143,1.105985278375828,0.05900551499592254,0.06625,0.0853125
correspondence_stress,random_site,0.3,15,interaction_logistic,0.03128212475051721,0.1249977382465388,0.9584375,0.7139784946236559,0.8994784168119017,0.0,0.0380952380952381,0.015069962687177644,0.009488520023112103,0.9118765324840451,0.06817984297585224,0.06625,0.0853125
correspondence_stress,handle_slot_swap,0.0,15,conserved_quotient,0.02518668523517615,0.10552323291401464,0.97125,0.7819905213270142,0.8978792528604986,0.0,0.0,3.851859888774472e-33,0.008140525364070969,1.090907977621555,0.05906004083801962,0.06625,0.0853125
correspondence_stress,handle_slot_swap,0.0,15,interaction_logistic,0.025857795698714697,0.11410662011472264,0.9696875,0.7673860911270983,0.898150779217499,0.0,0.023809523809523808,0.006967301912533429,0.008870518359605567,0.931223110728107,0.06834965773787237,0.06625,0.0853125
correspondence_stress,handle_slot_swap,0.02,15,conserved_quotient,0.025215966545888865,0.10565877894462757,0.97125,0.7819905213270142,0.8976977090752949,0.0,0.0,0.0002769247313062005,0.00829751506802641,1.0990688355146683,0.05890305113406418,0.06625,0.0853125
correspondence_stress,handle_slot_swap,0.05,15,conserved_quotient,0.025340766368289788,0.10606862149098208,0.97125,0.7819905213270142,0.8976392993357076,0.0,0.0,0.0009653387440131243,0.008059241019839876,1.0926507284054463,0.05914132518225072,0.06625,0.0853125
correspondence_stress,handle_slot_swap,0.1,15,conserved_quotient,0.02550647751542301,0.10657908190498945,0.97125,0.7819905213270142,0.8975587886135737,0.0,0.0,0.0012368377297951887,0.008316402083549036,1.0998620778565118,0.058884164118541554,0.06625,0.0853125
correspondence_stress,handle_slot_swap,0.1,15,interaction_logistic,0.026005552368606404,0.11603111720501345,0.970625,0.7761904761904762,0.8960701295749034,0.0,0.009523809523809525,0.007115661336022952,0.008989590693966317,0.9262121350771619,0.06856085816771565,0.06625,0.0853125
correspondence_stress,handle_slot_swap,0.2,15,conserved_quotient,0.025504604205792095,0.10672421401045337,0.97125,0.7819905213270142,0.8969399611022707,0.0,0.0,0.0005747470703193504,0.008116209380768355,1.0990154121979017,0.059084356821322244,0.06625,0.0853125
correspondence_stress,handle_slot_swap,0.3,15,conserved_quotient,0.02559337809015469,0.1069782578651451,0.97125,0.7819905213270142,0.8963069258164734,0.0,0.0,0.0001207281921076783,0.008239625767022335,1.1019593388805333,0.05896094043506826,0.06625,0.0853125
correspondence_stress,handle_slot_swap,0.3,15,interaction_logistic,0.02597888318168974,0.1146230655171326,0.97125,0.7819905213270142,0.8965310929251598,0.0,0.0,0.006063177947910935,0.00817500216806864,0.9257814657073562,0.06949060246383185,0.06625,0.0853125
correspondence_stress,random_site,0.0,16,conserved_quotient,0.026260635842805958,0.10727745576542937,0.9684375,0.7855626326963907,0.915385741472698,0.0,0.0,3.0814879110195774e-33,0.0036841347723756174,0.9915059139510186,0.07125253662913954,0.071875,0.0975
correspondence_stress,random_site,0.0,16,interaction_logistic,0.028176418490425154,0.12358575467755109,0.9684375,0.7855626326963907,0.9081569316351925,0.0,0.0,0.0018897259662729793,0.018954021217803534,0.9281330617158877,0.09044265526479713,0.071875,0.0975
correspondence_stress,random_site,0.02,16,conserved_quotient,0.026406271629407615,0.1075939051224265,0.968125,0.7829787234042553,0.9154179475918607,0.0,0.004149377593360996,0.0011566193286360628,0.003143965084790322,0.9953659494752124,0.07076475154838993,0.071875,0.0975
correspondence_stress,random_site,0.05,16,conserved_quotient,0.026703519461493106,0.10832033336614401,0.9678125,0.7803837953091685,0.9151617625530669,0.0,0.02074688796680498,0.008813742585139915,0.003320993711016326,0.9909544649613599,0.07109805067304165,0.071875,0.0975
correspondence_stress,random_site,0.1,16,conserved_quotient,0.02688521724693355,0.10888011270504233,0.9678125,0.7822410147991543,0.9144107744107745,0.0,0.012448132780082987,0.008203389518636485,0.0040725872095373605,0.982623672169203,0.07208352470953736,0.071875,0.0975
correspondence_stress,random_site,0.1,16,interaction_logistic,0.029078871115737526,0.12777527774925454,0.9678125,0.7822410147991543,0.9071556141121359,0.0,0.012448132780082987,0.018651899922535985,0.0199461118436012,0.8958661763678499,0.09049039820812389,0.071875,0.0975
correspondence_stress,random_site,0.2,16,conserved_quotient,0.029285503201525887,0.11467990398334947,0.964375,0.7584745762711864,0.9124271702532573,0.0,0.05394190871369295,0.020910824841926304,0.0065718108817373454,0.959541138395821,0.0724412042640903,0.071875,0.0975
correspondence_stress,random_site,0.3,16,conserved_quotient,0.03091150608370868,0.11828178378465204,0.9609375,0.7311827956989247,0.9119601815253989,0.0,0.1037344398340249,0.032775323437226035,0.007253446458346243,0.9398694277215865,0.07183678712736032,0.071875,0.0975
correspondence_stress,random_site,0.3,16,interaction_logistic,0.03302120175852208,0.13104844305815644,0.9609375,0.7311827956989247,0.9107846581759625,0.0,0.1037344398340249,0.05180205793607678,0.018895435457504457,0.9044280344449617,0.08620761762048886,0.071875,0.0975
correspondence_stress,handle_slot_swap,0.0,16,conserved_quotient,0.026260635842805958,0.10727745576542937,0.9684375,0.7855626326963907,0.915385741472698,0.0,0.0,3.0814879110195774e-33,0.0036841347723756174,0.9915059139510186,0.07125253662913954,0.071875,0.0975
correspondence_stress,handle_slot_swap,0.0,16,interaction_logistic,0.028176418490425154,0.12358575467755109,0.9684375,0.7855626326963907,0.9081569316351925,0.0,0.0,0.0018897259662729793,0.018954021217803534,0.9281330617158877,0.09044265526479713,0.071875,0.0975
correspondence_stress,handle_slot_swap,0.02,16,conserved_quotient,0.026220150728198784,0.10716600832607774,0.9684375,0.7855626326963907,0.9153549992680428,0.0,0.0,0.00016673384325335206,0.0035249451494208314,0.9894168540088203,0.07132171239080014,0.071875,0.0975
correspondence_stress,handle_slot_swap,0.05,16,conserved_quotient,0.026369663149744305,0.10763133721671916,0.9684375,0.7855626326963907,0.9146625677060459,0.0,0.0,0.0008291385537314511,0.003626393251407875,0.9863827312055996,0.07142316049278717,0.071875,0.0975
correspondence_stress,handle_slot_swap,0.1,16,conserved_quotient,0.02650547720423506,0.10810930658447333,0.9684375,0.7855626326963907,0.9147796808666374,0.0,0.0,0.0019129115251959883,0.004316901705397305,0.9816195676246404,0.07152320246126936,0.071875,0.0975
correspondence_stress,handle_slot_swap,0.1,16,interaction_logistic,0.028463608762342232,0.12579234586622015,0.9684375,0.7855626326963907,0.9090879812618943,0.0,0.0,0.003814923207477119,0.02150717083407562,0.9164271190600757,0.09135849154140502,0.071875,0.0975
correspondence_stress,handle_slot_swap,0.2,16,conserved_quotient,0.027273678524593184,0.11062022469680474,0.9684375,0.7855626326963907,0.9136729614990484,0.0,0.0,0.004483345886858531,0.007207877232098309,0.9654072179177366,0.07202103971995649,0.071875,0.0975
correspondence_stress,handle_slot_swap,0.3,16,conserved_quotient,0.027326252542812676,0.11056158377042259,0.9684375,0.7855626326963907,0.9127711901624945,0.0,0.0,0.0021862392415277028,0.007009637394753226,0.9558929836811287,0.07296195351433768,0.071875,0.0975
correspondence_stress,handle_slot_swap,0.3,16,interaction_logistic,0.02939666236078886,0.12897058961331387,0.9684375,0.7855626326963907,0.9032191480017567,0.0,0.0,0.0026034705566942476,0.025693875253992964,0.8913720920942545,0.09615563232413692,0.071875,0.0975
correspondence_stress,random_site,0.0,17,conserved_quotient,0.022724534844396595,0.09419411621232346,0.97375,0.8046511627906977,0.9312304512957998,0.0,0.0,4.8148248609680896e-33,0.0034191963177375414,1.0462166857571527,0.06443835906200929,0.0675,0.09125
correspondence_stress,random_site,0.0,17,interaction_logistic,0.02445821630517133,0.10983327853569946,0.97375,0.8046511627906977,0.9161220956210903,0.0,0.0,0.0026188279899953715,0.015710267795582038,0.8966791977005628,0.08209785312061993,0.0675,0.09125
correspondence_stress,random_site,0.02,17,conserved_quotient,0.022868725545725516,0.09450385971900188,0.9734375,0.8018648018648019,0.9313111284877371,0.0,0.004672897196261682,0.0008846307116924592,0.003060913475891932,1.044159907541922,0.06460881055008211,0.0675,0.09125
correspondence_stress,random_site,0.05,17,conserved_quotient,0.023175162581061927,0.09518909209750608,0.9728125,0.7972027972027972,0.9309760078443055,0.0,0.014018691588785047,0.00474642975558725,0.0027797720107961554,1.0375060904302462,0.06580245455170385,0.0675,0.09125
correspondence_stress,random_site,0.1,17,conserved_quotient,0.02376405906149521,0.09691640978314313,0.9728125,0.7981438515081206,0.9301568240492504,0.0,0.009345794392523364,0.0044389797841918235,0.005921183894230777,1.0485150199545366,0.06650511818910256,0.0675,0.09125
correspondence_stress,random_site,0.1,17,interaction_logistic,0.02485029811592111,0.10934397443564839,0.9728125,0.7981438515081206,0.9168528448019064,0.0,0.009345794392523364,0.012333332829250837,0.01532525544769671,0.9049355735392693,0.08115323747606201,0.0675,0.09125
correspondence_stress,random_site,0.2,17,conserved_quotient,0.02566026100276762,0.10116753963944347,0.969375,0.7741935483870968,0.9288815038228577,0.0,0.04205607476635514,0.01068299620532578,0.004956427575768276,1.0408278764563654,0.0664407523022805,0.0675,0.09125
correspondence_stress,random_site,0.3,17,conserved_quotient,0.027950508853206876,0.10608249057469173,0.9634375,0.7310344827586207,0.9261384792969913,0.0,0.102803738317757,0.015514385841065851,0.0011703765526839478,0.9869923608766631,0.06827011970336887,0.0675,0.09125
correspondence_stress,random_site,0.3,17,interaction_logistic,0.0325421275616647,0.13244773951667285,0.9571875,0.7254509018036072,0.9061801831992851,0.0,0.02336448598130841,0.01649942774760734,0.030059190141711684,0.7984821722727539,0.09635381742651215,0.0675,0.09125
correspondence_stress,handle_slot_swap,0.0,17,conserved_quotient,0.022724534844396595,0.09419411621232346,0.97375,0.8046511627906977,0.9312304512957998,0.0,0.0,4.8148248609680896e-33,0.0034191963177375414,1.0462166857571527,0.06443835906200929,0.0675,0.09125
correspondence_stress,handle_slot_swap,0.0,17,interaction_logistic,0.02445821630517133,0.10983327853569946,0.97375,0.8046511627906977,0.9161220956210903,0.0,0.0,0.0026188279899953715,0.015710267795582038,0.8966791977005628,0.08209785312061993,0.0675,0.09125
correspondence_stress,handle_slot_swap,0.02,17,conserved_quotient,0.02267016195728905,0.09404913506057412,0.97375,0.8046511627906977,0.9310613394896237,0.0,0.0,0.00020490300854927401,0.0030284685723816315,1.0435861968876536,0.0646412554535924,0.0675,0.09125
correspondence_stress,handle_slot_swap,0.05,17,conserved_quotient,0.022556386566066625,0.09373232577571074,0.97375,0.8046511627906977,0.9309248088571145,0.0,0.0,0.0009478252319061527,0.00249395696396069,1.0380622337606706,0.06505604303603932,0.0675,0.09125
correspondence_stress,handle_slot_swap,0.1,17,conserved_quotient,0.022806901768085214,0.09453307883632071,0.97375,0.8046511627906977,0.9305121139906662,0.0,0.0,0.0010524357606244892,0.0026950807626043866,1.0416300710192747,0.06485491923739561,0.0675,0.09125
correspondence_stress,handle_slot_swap,0.1,17,interaction_logistic,0.024740807014895328,0.11133533924739218,0.97375,0.8046511627906977,0.9162291480488531,0.0,0.0,0.002363600693078916,0.017051309069583704,0.8962531428411059,0.08424229395666284,0.0675,0.09125
correspondence_stress,handle_slot_swap,0.2,17,conserved_quotient,0.022987669928291758,0.09510791635894669,0.97375,0.8046511627906977,0.9299799548207726,0.0,0.0,0.0003332487193742755,0.0030953832041828696,1.05148017543429,0.06445461679581714,0.0675,0.09125
correspondence_stress,handle_slot_swap,0.3,17,conserved_quotient,0.02303255000990628,0.09524905592561173,0.97375,0.8046511627906977,0.9292383452487339,0.0,0.0,7.339664367191689e-05,0.0031830462818712916,1.0539022672191534,0.0643669537181287,0.0675,0.09125
correspondence_stress,handle_slot_swap,0.3,17,interaction_logistic,0.024920803675962167,0.11240595841345226,0.97375,0.8046511627906977,0.916022800615629,0.0,0.0,0.002451908026735352,0.018401134452840612,0.9025167716536033,0.08469720998726021,0.0675,0.09125
correspondence_stress,random_site,0.0,18,conserved_quotient,0.02529260922940533,0.10951514955970225,0.9715625,0.7917620137299771,0.9089461657460561,0.0,0.0,2.792598419361492e-32,0.008148145141980317,1.031860076158278,0.064882169793901,0.0696875,0.085625
correspondence_stress,random_site,0.0,18,interaction_logistic,0.025467638018339935,0.11193382021583874,0.9703125,0.7775175644028103,0.8946165746056086,0.0,0.04672897196261682,0.007891183430082655,0.006066200251505143,1.0773375212221452,0.0648861589968249,0.0696875,0.085625
correspondence_stress,random_site,0.02,18,conserved_quotient,0.026125864053231567,0.11150583473816031,0.9703125,0.7835990888382688,0.9082532600460029,0.0,0.004672897196261682,0.0050909416322154925,0.008407093118331663,1.0217797390400578,0.06522265726495251,0.0696875,0.085625
correspondence_stress,random_site,0.05,18,conserved_quotient,0.026652607046391226,0.11286816548855161,0.9696875,0.7780320366132724,0.907855592426842,0.0,0.014018691588785047,0.007412858079878349,0.008417131531457782,1.0349393825508608,0.06422096008053847,0.0696875,0.085625
correspondence_stress,random_site,0.1,18,conserved_quotient,0.02771352986933505,0.11523018927584505,0.9678125,0.765375854214123,0.9078420355761887,0.0,0.028037383177570093,0.01031612580136804,0.008297163137084425,1.0253268435625875,0.06475498100650023,0.0696875,0.085625
correspondence_stress,random_site,0.1,18,interaction_logistic,0.027962123951905386,0.11791668895709422,0.966875,0.7476190476190476,0.8921582656871591,0.0,0.11214953271028037,0.019695349440995075,0.008094991193840734,1.078560729478749,0.06182963757612664,0.0696875,0.085625
correspondence_stress,random_site,0.2,18,conserved_quotient,0.029733970626204115,0.11983038581411627,0.964375,0.7397260273972602,0.906067594457357,0.0,0.06074766355140187,0.015822637298379072,0.007955824956061716,1.023239708404646,0.0638518595257614,0.0696875,0.085625
correspondence_stress,random_site,0.3,18,conserved_quotient,0.029762970151016237,0.12000860801704423,0.9640625,0.7319347319347319,0.9020261466459598,0.0,0.10747663551401869,0.011745042060023053,0.009295167175111302,1.0593639691081551,0.0628409516459302,0.0696875,0.085625
correspondence_stress,random_site,0.3,18,interaction_logistic,0.030271284183080588,0.12270896430939185,0.9615625,0.6962962962962963,0.8905706078439938,0.0,0.21962616822429906,0.020170462154892835,0.00945913898567998,1.1586942272324547,0.06230320000982504,0.0696875,0.085625
correspondence_stress,handle_slot_swap,0.0,18,conserved_quotient,0.02529260922940533,0.10951514955970225,0.9715625,0.7917620137299771,0.9089461657460561,0.0,0.0,2.792598419361492e-32,0.008148145141980317,1.031860076158278,0.064882169793901,0.0696875,0.085625
correspondence_stress,handle_slot_swap,0.0,18,interaction_logistic,0.025467638018339935,0.11193382021583874,0.9703125,0.7775175644028103,0.8946165746056086,0.0,0.04672897196261682,0.007891183430082655,0.006066200251505143,1.0773375212221452,0.0648861589968249,0.0696875,0.085625
correspondence_stress,handle_slot_swap,0.02,18,conserved_quotient,0.02533847475485662,0.10964021645014736,0.9715625,0.7917620137299771,0.9086629781990778,0.0,0.0,0.00018629730591475385,0.008316554863081757,1.0339497113120713,0.06471376007279955,0.0696875,0.085625
correspondence_stress,handle_slot_swap,0.05,18,conserved_quotient,0.025374218467037624,0.10970560699221707,0.9715625,0.7917620137299771,0.9085018023079785,0.0,0.0,0.0004284417752333542,0.008366199134607325,1.0336654660026765,0.064664115801274,0.0696875,0.085625
correspondence_stress,handle_slot_swap,0.1,18,conserved_quotient,0.025484114075021224,0.1100820755007745,0.9715625,0.7917620137299771,0.9084912580908038,0.0,0.0,0.0012193666211105978,0.008013465688929288,1.0265880499184215,0.06501684924695203,0.0696875,0.085625
correspondence_stress,handle_slot_swap,0.1,18,interaction_logistic,0.026002569434306864,0.1142964537660601,0.97,0.7735849056603774,0.8900900928041743,0.0,0.06074766355140187,0.011743668186328243,0.007538276538211205,1.0623179177819175,0.06452821094344746,0.0696875,0.085625
correspondence_stress,handle_slot_swap,0.2,18,conserved_quotient,0.025640395329620924,0.11056503997672121,0.9715625,0.7917620137299771,0.9081779442090406,0.0,0.0,0.0021279091306046416,0.007911062991845184,1.021135350006732,0.06511925194403613,0.0696875,0.085625
correspondence_stress,handle_slot_swap,0.3,18,conserved_quotient,0.025626815810765213,0.11064645697699295,0.9715625,0.7917620137299771,0.9086915982171235,0.0,0.0,0.0004223496047676577,0.007946438411850476,1.0264245406105135,0.06508387652403086,0.0696875,0.085625
correspondence_stress,handle_slot_swap,0.3,18,interaction_logistic,0.026149354759187622,0.11373867942466313,0.97,0.7767441860465116,0.894190286968402,0.0,0.03271028037383177,0.009805610452009055,0.0062355199536682,1.082875426936669,0.06461395824569637,0.0696875,0.085625
correspondence_stress,random_site,0.0,19,conserved_quotient,0.030565591736409412,0.12698563442899632,0.9640625,0.7472527472527473,0.8906584022678687,0.0,0.0,6.355568816477878e-33,0.009345640404790578,1.00852374189143,0.0646112852708851,0.0725,0.091875
correspondence_stress,random_site,0.0,19,interaction_logistic,0.03193894624511208,0.13903028864161368,0.9628125,0.7251732101616628,0.8696062598754531,0.0,0.09865470852017937,0.0041599092812573,0.011793292193148418,1.0345751287865599,0.07235457270262168,0.0725,0.091875
correspondence_stress,random_site,0.02,19,conserved_quotient,0.031155544309518078,0.12860369304242877,0.9634375,0.7428571428571429,0.890015045543266,0.0,0.008968609865470852,0.005440597549823376,0.010437990671538395,0.9982151831047883,0.06470625719474894,0.0725,0.091875
correspondence_stress,random_site,0.05,19,conserved_quotient,0.03165747832832423,0.1293668958483316,0.961875,0.7324561403508771,0.8898088228459894,0.0,0.017937219730941704,0.010927560487691033,0.008621739986443196,1.0016112851147334,0.06480915133507312,0.0725,0.091875
correspondence_stress,random_site,0.1,19,conserved_quotient,0.031454200431408695,0.12890394240643244,0.9621875,0.7363834422657952,0.8896447160516777,0.0,0.03139013452914798,0.017464232202785847,0.007203443295744798,0.9934776734578792,0.0660027821147923,0.0725,0.091875
correspondence_stress,random_site,0.1,19,interaction_logistic,0.033099204060331046,0.1410818423170186,0.96,0.7130044843049327,0.8717657891067944,0.0,0.08968609865470852,0.02254018157510576,0.01000314940007424,0.9591222086486229,0.07672304315500236,0.0725,0.091875
correspondence_stress,random_site,0.2,19,conserved_quotient,0.03400127826277036,0.1346237171664192,0.9571875,0.6975717439293598,0.8878250185890882,0.0,0.08520179372197309,0.01759647153190009,0.007854247074486904,1.0035484366612972,0.06507151909346677,0.0725,0.091875
correspondence_stress,random_site,0.3,19,conserved_quotient,0.03323515483589244,0.13306152809934235,0.9603125,0.7196467991169978,0.8885613207547169,0.0,0.1031390134529148,0.01252977071916971,0.011922772133482515,1.016181687478293,0.06612526689111901,0.0725,0.091875
correspondence_stress,random_site,0.3,19,interaction_logistic,0.03747665837685866,0.15137154938417838,0.948125,0.6639676113360324,0.8679129101217585,0.0,0.08968609865470852,0.018391220710410314,0.022445172790414088,0.8708416589957593,0.09074145035376312,0.0725,0.091875
correspondence_stress,handle_slot_swap,0.0,19,conserved_quotient,0.030565591736409412,0.12698563442899632,0.9640625,0.7472527472527473,0.8906584022678687,0.0,0.0,6.355568816477878e-33,0.009345640404790578,1.00852374189143,0.0646112852708851,0.0725,0.091875
correspondence_stress,handle_slot_swap,0.0,19,interaction_logistic,0.03193894624511208,0.13903028864161368,0.9628125,0.7251732101616628,0.8696062598754531,0.0,0.09865470852017937,0.0041599092812573,0.011793292193148418,1.0345751287865599,0.07235457270262168,0.0725,0.091875
correspondence_stress,handle_slot_swap,0.02,19,conserved_quotient,0.030700681132696816,0.12741673589752098,0.9640625,0.7472527472527473,0.8903476159494377,0.0,0.0,0.00027468928435984665,0.009822584069234239,1.004906601901592,0.0646997976875225,0.0725,0.091875
correspondence_stress,handle_slot_swap,0.05,19,conserved_quotient,0.030381976327626816,0.12639991576889192,0.9640625,0.7472527472527473,0.8910054953992007,0.0,0.0,0.0018411822510885963,0.008486276590040245,1.0143284395177319,0.06453487161408493,0.0725,0.091875
correspondence_stress,handle_slot_swap,0.1,19,conserved_quotient,0.030701321078849167,0.1273852986719799,0.9640625,0.7472527472527473,0.8905262454689098,0.0,0.0,0.0028196087437138842,0.009071012641881558,1.0002405361400222,0.06511960766592623,0.0725,0.091875
correspondence_stress,handle_slot_swap,0.1,19,interaction_logistic,0.03208591599324619,0.13817436014788823,0.961875,0.7239819004524887,0.8664475671530811,0.0,0.05829596412556054,0.005608419572141148,0.009021363469314085,0.9982959857787419,0.07285065104580121,0.0725,0.091875
correspondence_stress,handle_slot_swap,0.2,19,conserved_quotient,0.03074957674472521,0.1274457298337881,0.9640625,0.7472527472527473,0.89044927502556,0.0,0.0,0.0017020070468129057,0.00944053796089165,1.0077378157744346,0.0649945249257902,0.0725,0.091875
correspondence_stress,handle_slot_swap,0.3,19,conserved_quotient,0.030985823970595777,0.12810823788432346,0.9640625,0.7472527472527473,0.8900440909935867,0.0,0.0,0.0011297354804566339,0.007839257452621847,1.0086935636802792,0.06485506233358226,0.0725,0.091875
correspondence_stress,handle_slot_swap,0.3,19,interaction_logistic,0.033457440418389446,0.14521978520689344,0.9621875,0.7268623024830699,0.8683878032345014,0.0,0.053811659192825115,0.0055166824110536,0.016922938269561972,0.9429553524358654,0.08013051161126647,0.0725,0.091875
