seed,access_flip_rate,model,brier,log_loss,accuracy,f1,auc,blocked_false_positive_rate,affordance_loss_rate,accessible_prediction_variance
0,0.0,caq_noisy_access,0.027054439183491406,0.11004996416360577,0.9671875,0.7407407407407407,0.8848023876338333,0.0,0.0,1.8488927466117464e-32
0,0.02,caq_noisy_access,0.03509970562500242,0.13145200073494576,0.953125,0.6636771300448431,0.87367680805389,0.015379357484620642,0.01932367149758454,0.006504636099285385
0,0.05,caq_noisy_access,0.046390392557084326,0.16284751442349546,0.93125,0.5669291338582677,0.8476789884184954,0.03827751196172249,0.043478260869565216,0.015295254810851863
0,0.1,caq_noisy_access,0.05826215078256827,0.19591383289404973,0.8984375,0.4628099173553719,0.8222144832737771,0.07450444292549556,0.08695652173913043,0.024278143116616777
0,0.2,caq_noisy_access,0.06782290367258567,0.23026291996979326,0.870625,0.3190789473684211,0.7831748531282176,0.10116199589883801,0.4492753623188406,0.026716523088548143
0,0.3,caq_noisy_access,0.07008151859109873,0.2546091007568684,0.938125,0.0,0.7079371328205439,0.0,1.0,0.021648600197948845
1,0.0,caq_noisy_access,0.02782113223387886,0.11887151977152824,0.9678125,0.7587822014051522,0.8895402871943495,0.0,0.0,3.274080905458301e-33
1,0.02,caq_noisy_access,0.03633455291371417,0.14410131015256,0.953125,0.6781115879828327,0.8720233298336575,0.015358361774744027,0.029411764705882353,0.007650191056003201
1,0.05,caq_noisy_access,0.04544772849410758,0.1665938139396927,0.9328125,0.5951035781544256,0.859677557838797,0.03856655290102389,0.04411764705882353,0.011801039085570739
1,0.1,caq_noisy_access,0.05971476885230938,0.20881957290133543,0.9153125,0.45472837022132795,0.819385091380705,0.050511945392491465,0.38235294117647056,0.021661204087588738
1,0.2,caq_noisy_access,0.07476058806113661,0.26620057197357155,0.87375,0.33112582781456956,0.7450769803169591,0.09180887372013652,0.45098039215686275,0.030644091651473117
1,0.3,caq_noisy_access,0.07601813132186463,0.28417246362253434,0.9303125,0.0,0.6989113848925469,0.0,1.0,0.02260370145960427
2,0.0,caq_noisy_access,0.029736403282521202,0.12421091398371814,0.9659375,0.7685774946921444,0.8938544376112482,0.0,0.0,2.792598419361492e-32
2,0.02,caq_noisy_access,0.03810855825829325,0.1486180652438539,0.9534375,0.7037773359840954,0.8822213037070438,0.01342512908777969,0.03070175438596491,0.012501823754377127
2,0.05,caq_noisy_access,0.04761493563537611,0.17343047393836852,0.9321875,0.6159292035398231,0.8639832106558895,0.03752151462994836,0.06578947368421052,0.01861742893379291
2,0.1,caq_noisy_access,0.05552315386355515,0.19849255954840345,0.92,0.49407114624505927,0.838724043248148,0.04199655765920826,0.3815789473684211,0.02532921353872599
2,0.2,caq_noisy_access,0.07230786979408321,0.2615278251271207,0.8975,0.26126126126126126,0.7554425503548112,0.046815834767642,0.7149122807017544,0.029408764110266453
2,0.3,caq_noisy_access,0.07795981533354496,0.29642319604331563,0.9240625,0.0,0.675519204621523,0.0,1.0,0.02165656722408724
3,0.0,caq_noisy_access,0.03159298208400816,0.13150894292722687,0.9628125,0.7226107226107226,0.8741944484447005,0.0,0.0,3.0814879110195774e-32
3,0.02,caq_noisy_access,0.03827108933159886,0.15048447391741823,0.9515625,0.6608315098468271,0.860050043202765,0.01134020618556701,0.024390243902439025,0.010851024921822624
3,0.05,caq_noisy_access,0.04745116115274442,0.1737268363784451,0.93125,0.578544061302682,0.8454556091589862,0.03436426116838488,0.03414634146341464,0.012981084790520812
3,0.1,caq_noisy_access,0.059930831940409435,0.20830768172978872,0.8965625,0.4704,0.8139880952380952,0.07216494845360824,0.06829268292682927,0.01815605393801616
3,0.2,caq_noisy_access,0.07448604649712345,0.2591413089008559,0.8659375,0.3069466882067851,0.7511580741167435,0.0979381443298969,0.4634146341463415,0.026390440778482637
3,0.3,caq_noisy_access,0.07962715578227546,0.3001210484731949,0.93,0.0,0.6430416546658986,0.0,1.0,0.024939339067345037
4,0.0,caq_noisy_access,0.029527934148961696,0.12550589697344497,0.96625,0.7692307692307693,0.8965432136852335,0.0,0.0,4.3333423748712807e-32
4,0.02,caq_noisy_access,0.03921086960345273,0.15217213834899357,0.9509375,0.6951456310679611,0.8818584275555693,0.017295053614666205,0.013215859030837005,0.006403274279562874
4,0.05,caq_noisy_access,0.05063675453432271,0.18361556497215709,0.9284375,0.6017391304347826,0.8549807255170596,0.04047042545831892,0.04405286343612335,0.016190644013053094
4,0.1,caq_noisy_access,0.05894468384679207,0.20836860970625737,0.9034375,0.5194401244167963,0.826309493927381,0.0674507090971982,0.0881057268722467,0.024566289232085144
4,0.2,caq_noisy_access,0.07068415012638818,0.2552044780127312,0.8759375,0.3502454991816694,0.7523765318270864,0.08578346592874438,0.46255506607929514,0.027010330970352686
4,0.3,caq_noisy_access,0.07966592683259693,0.3046470311701643,0.9246875,0.0,0.6459791423310836,0.0,1.0,0.02414206935559708
5,0.0,caq_noisy_access,0.030263630012837953,0.12485858340321171,0.964375,0.7272727272727273,0.8897591345542991,0.0,0.0,4.3140830754274083e-32
5,0.02,caq_noisy_access,0.03463315364625045,0.1374384305508128,0.956875,0.6863636363636364,0.8767750288905427,0.008552856654122478,0.015306122448979591,0.005987717856238462
5,0.05,caq_noisy_access,0.045611040239634824,0.1694338346994759,0.9365625,0.5865580448065173,0.8568632433642508,0.02942182689018132,0.0663265306122449,0.021406993867901618
5,0.1,caq_noisy_access,0.0570447341032074,0.20139885751982853,0.904375,0.47959183673469385,0.8321565353130161,0.06534382483749572,0.10714285714285714,0.026432962598932835
5,0.2,caq_noisy_access,0.07011486289473211,0.2503927049647336,0.9021875,0.23095823095823095,0.7576310360057842,0.045501197399931574,0.7346938775510204,0.026884244753461087
5,0.3,caq_noisy_access,0.07589377263338175,0.283513630804316,0.930625,0.0,0.6658634793288923,0.0,1.0,0.02303526561175229
6,0.0,caq_noisy_access,0.02918903697909792,0.12450607108660114,0.9665625,0.7678958785249458,0.8860388513513513,0.0,0.0,5.546678239835239e-32
6,0.02,caq_noisy_access,0.0382913600057712,0.14994462400034358,0.95125,0.6904761904761905,0.8654631193693694,0.017135023989033583,0.03167420814479638,0.010054468892598182
6,0.05,caq_noisy_access,0.048029111060239285,0.17873378884850388,0.93125,0.60431654676259,0.8453237612612613,0.03735435229609321,0.06334841628959276,0.018095016702953742
6,0.1,caq_noisy_access,0.0597191801518802,0.21325919919552014,0.8978125,0.49614791987673346,0.8167989864864865,0.07299520219328307,0.11312217194570136,0.02559002791346588
6,0.2,caq_noisy_access,0.06959327178835421,0.2546764479510985,0.8978125,0.2781456953642384,0.7427547860360361,0.05037697052775874,0.7013574660633484,0.020842077188220724
6,0.3,caq_noisy_access,0.07414761801967376,0.28794795797605865,0.925,0.0,0.6662162162162162,0.0,1.0,0.016184302300244723
7,0.0,caq_noisy_access,0.02646760887623623,0.10716055523279273,0.9678125,0.7695749440715883,0.9064930250796904,0.0,0.0,3.274080905458301e-33
7,0.02,caq_noisy_access,0.032941254804263645,0.12491986046330229,0.9553125,0.7039337474120083,0.896430819849917,0.014542936288088643,0.02631578947368421,0.009283786300558256
7,0.05,caq_noisy_access,0.043183829241047855,0.15572520745789817,0.9340625,0.609981515711645,0.8715762998227741,0.037742382271468145,0.06578947368421052,0.018311810128672158
7,0.1,caq_noisy_access,0.055519544663160406,0.19105134127618975,0.9003125,0.5023400936037441,0.8395056055168273,0.07513850415512466,0.10087719298245613,0.023381698262817965
7,0.2,caq_noisy_access,0.06916757299812047,0.24213016943687107,0.8734375,0.33497536945812806,0.7698804758906866,0.09487534626038781,0.49122807017543857,0.029061616064316086
7,0.3,caq_noisy_access,0.07187470747690378,0.2676069844093164,0.9315625,0.0,0.7025499395716248,0.0,1.0,0.02002191806217786
8,0.0,caq_noisy_access,0.027782242253747622,0.1154958288079967,0.9675,0.7657657657657657,0.8953617821985854,0.0,0.0,1.560003254953661e-32
8,0.02,caq_noisy_access,0.036696066798861775,0.14007805296289041,0.95,0.6774193548387096,0.8818286049649381,0.018835616438356163,0.013513513513513514,0.004959907355893358
8,0.05,caq_noisy_access,0.04590133693499821,0.16464733354453112,0.9265625,0.5855379188712522,0.8639179811107279,0.04417808219178082,0.02702702702702703,0.007215553393577935
8,0.1,caq_noisy_access,0.06058831899149416,0.20944399801687655,0.9040625,0.4130019120458891,0.8162455605370313,0.05856164383561644,0.4144144144144144,0.01737997454684662
8,0.2,caq_noisy_access,0.07053471796967306,0.25366977742674834,0.8940625,0.24161073825503357,0.7298098972041215,0.05650684931506849,0.7297297297297297,0.02152214131777058
8,0.3,caq_noisy_access,0.07489381390069869,0.28690590212884426,0.930625,0.0,0.6534586971121558,0.0,1.0,0.019130098582285614
9,0.0,caq_noisy_access,0.030659605604869248,0.13084352688957576,0.9659375,0.7655913978494624,0.8853219882791896,0.0,0.0,3.0814879110195774e-33
9,0.02,caq_noisy_access,0.03817944583642103,0.15156780947430465,0.95375,0.704,0.873441133614733,0.013062908215881746,0.013513513513513514,0.007676482508381053
9,0.05,caq_noisy_access,0.04820307201612839,0.17852854415420738,0.9315625,0.6123893805309735,0.8521441066813629,0.037813681677552426,0.04504504504504504,0.01599885232530197
9,0.1,caq_noisy_access,0.05776528356764313,0.20696259249657956,0.903125,0.5201238390092879,0.8200656599183634,0.06978343073221038,0.0990990990990991,0.02645013846212746
9,0.2,caq_noisy_access,0.07321185233719095,0.2611901893879127,0.8896875,0.20316027088036118,0.7516919467094194,0.052251632863526985,0.7837837837837838,0.02679101293947978
9,0.3,caq_noisy_access,0.07963422408825334,0.2975879489431839,0.9240625,0.0,0.6752506085163057,0.0,1.0,0.02419768701129193
10,0.0,caq_noisy_access,0.027503812144117873,0.11306895950187883,0.9675,0.7547169811320755,0.8848084847582166,0.0,0.0,1.9259299443872359e-32
10,0.02,caq_noisy_access,0.034120055555526774,0.13084336565525823,0.9565625,0.6958424507658644,0.8733693898321915,0.012035763411279229,0.009615384615384616,0.0035812324589379425
10,0.05,caq_noisy_access,0.04420577073417576,0.1605302645319972,0.9378125,0.6090373280943026,0.8424157233641147,0.03198074277854195,0.038461538461538464,0.013376342630177262
10,0.1,caq_noisy_access,0.05828094946287274,0.2005793242096137,0.9025,0.48514851485148514,0.8186671507298183,0.06980742778541953,0.10096153846153846,0.027001802376130937
10,0.2,caq_noisy_access,0.07541033268615487,0.2643263577539657,0.8721875,0.3239669421487603,0.7156315162347334,0.09559834938101788,0.46634615384615385,0.03601102629780466
10,0.3,caq_noisy_access,0.08298711999660326,0.30477680322489503,0.9325,0.0,0.629935272068315,0.0,1.0,0.030816056233604745
11,0.0,caq_noisy_access,0.028276122007661338,0.1179726090583287,0.9675,0.7463414634146341,0.8866093326962892,0.0,0.0,5.257788748177154e-32
11,0.02,caq_noisy_access,0.03742223578740344,0.14354214940800805,0.954375,0.672645739910314,0.870503264851091,0.01331967213114754,0.015,0.008779183379629166
11,0.05,caq_noisy_access,0.0451766427993445,0.1633424528942894,0.9384375,0.602020202020202,0.8516372033763339,0.030737704918032786,0.025,0.010926464225998205
11,0.1,caq_noisy_access,0.05600525804991551,0.1942467575055839,0.91625,0.41739130434782606,0.8174215639433031,0.044740437158469946,0.405,0.02095183304246571
11,0.2,caq_noisy_access,0.07233707783220814,0.25342338092244676,0.894375,0.19523809523809524,0.719976110845676,0.05259562841530055,0.72,0.026078397017690703
11,0.3,caq_noisy_access,0.07619719801883694,0.27978521197683087,0.934375,0.0,0.6558209906035993,0.0,1.0,0.021609167460078793
12,0.0,caq_noisy_access,0.02688763382448944,0.1128422012845862,0.969375,0.772093023255814,0.899866088441881,0.0,0.0,6.355568816477878e-33
12,0.02,caq_noisy_access,0.03486487891391295,0.1350980312805188,0.95625,0.6982758620689655,0.8817375664850551,0.014036288942143102,0.033816425120772944,0.011995266569037327
12,0.05,caq_noisy_access,0.04409332994839978,0.161152208187184,0.9384375,0.6159844054580896,0.8566814938444366,0.033207805546045875,0.06763285024154589,0.021012936000836948
12,0.1,caq_noisy_access,0.05628047051374804,0.19665287097371803,0.9078125,0.5058626465661642,0.8207151690614592,0.06607326258130777,0.12560386473429952,0.03279621775600661
12,0.2,caq_noisy_access,0.07084370656327624,0.2480576685619646,0.8728125,0.3136593591905565,0.7597921885426536,0.09038000684697022,0.48792270531400966,0.03119356838152563
12,0.3,caq_noisy_access,0.0770720996205562,0.2788952158780505,0.9303125,0.0,0.7133298487206099,0.0,1.0,0.025937155271848464
13,0.0,caq_noisy_access,0.028282646414734623,0.11696503392192872,0.965,0.75,0.8864589891228924,0.0,0.0,3.4088960015654075e-32
13,0.02,caq_noisy_access,0.03605301102934311,0.13997576565112618,0.9525,0.6833333333333333,0.8691407835622565,0.01269732326698696,0.021834061135371178,0.009591166132865104
13,0.05,caq_noisy_access,0.04923424730061523,0.17614249304935242,0.929375,0.5860805860805861,0.8489933965342145,0.03706245710363761,0.043668122270742356,0.018146924720054997
13,0.1,caq_noisy_access,0.06374858371817325,0.21825364437537226,0.8928125,0.4665629860031104,0.8157187300391061,0.07481125600549074,0.10043668122270742,0.030736835766176786
13,0.2,caq_noisy_access,0.0804457748730825,0.28102348211355443,0.858125,0.3058103975535168,0.711014507405348,0.10775566231983527,0.47161572052401746,0.03149500390598073
13,0.3,caq_noisy_access,0.07835773061473661,0.29616911875378515,0.9315625,0.0,0.6446183515384344,0.0,1.0,0.02298852422034901
14,0.0,caq_noisy_access,0.03200583902012281,0.13478521000505642,0.9640625,0.7657841140529531,0.888076118800951,0.0,0.0,1.0014835710813626e-32
14,0.02,caq_noisy_access,0.0407987720858182,0.15934423655384866,0.94875,0.6928838951310862,0.8773299507472826,0.016195727084769126,0.01702127659574468,0.006647663690639661
14,0.05,caq_noisy_access,0.05186785226951848,0.18776294333545926,0.92375,0.6013071895424836,0.8567717179008152,0.04514128187456926,0.0425531914893617,0.014334580562316327
14,0.1,caq_noisy_access,0.06295328033116934,0.21893615447934583,0.9009375,0.43493761140819964,0.8319423509680707,0.057201929703652656,0.4085106382978723,0.023812610525811708
14,0.2,caq_noisy_access,0.07282974245476673,0.25542945859665095,0.8909375,0.25267665952890794,0.7744100819463315,0.05306685044796692,0.7574468085106383,0.02191557427166261
14,0.3,caq_noisy_access,0.08116163245795541,0.30168197251143236,0.92,0.0,0.6770988132642664,0.0,1.0,0.018966225165488418
15,0.0,caq_noisy_access,0.0267411180735066,0.1140020464399336,0.9671875,0.7286821705426356,0.9031,0.0,0.0,3.2548216060144286e-32
15,0.02,caq_noisy_access,0.03298313595074045,0.13112364689909048,0.9559375,0.6634844868735084,0.8876183333333333,0.011552837240910635,0.0106951871657754,0.005103529580643398
15,0.05,caq_noisy_access,0.045160267300931166,0.1670912859510674,0.9415625,0.5039787798408488,0.8472033333333333,0.023445463812436288,0.42245989304812837,0.020324816282173454
15,0.1,caq_noisy_access,0.05725477299447532,0.2036226737271916,0.9175,0.4107142857142857,0.8054916666666667,0.04994903160040775,0.45989304812834225,0.028624460398545232
15,0.2,caq_noisy_access,0.06792775566221614,0.24256806445322304,0.8715625,0.29743589743589743,0.7446283333333333,0.09921848453958546,0.5026737967914439,0.027374989323474964
15,0.3,caq_noisy_access,0.07144214417600508,0.27129694828760853,0.9375,0.0,0.6655466666666666,0.0,1.0,0.02197759922537557
16,0.0,caq_noisy_access,0.022600517832250155,0.09460317691761624,0.9740625,0.8302658486707567,0.9260720328740634,0.0,0.0,4.3333423748712807e-32
16,0.02,caq_noisy_access,0.030938818491297423,0.1160994378058792,0.960625,0.7640449438202247,0.920150557685003,0.016580310880829015,0.012295081967213115,0.004643348783464477
16,0.05,caq_noisy_access,0.039923784980148654,0.14282793565226182,0.945,0.6944444444444444,0.8983915190441659,0.03281519861830743,0.03278688524590164,0.01089417072470694
16,0.1,caq_noisy_access,0.05002794848687506,0.17304753392189476,0.9190625,0.5140712945590994,0.8681984875168341,0.04386873920552677,0.3401639344262295,0.02057509647787986
16,0.2,caq_noisy_access,0.06799981954895797,0.23749213617758116,0.90625,0.33035714285714285,0.7957484719776236,0.04317789291882556,0.680327868852459,0.028682830810851673
16,0.3,caq_noisy_access,0.07756254698198725,0.2837225965651705,0.8828125,0.2603550295857988,0.7184350288338686,0.06701208981001727,0.7213114754098361,0.02533793080795283
17,0.0,caq_noisy_access,0.02205309518022044,0.09415262816263308,0.975625,0.8097560975609757,0.9149248747913189,0.0,0.0,1.2518544638517033e-32
17,0.02,caq_noisy_access,0.03174782678699009,0.12294383624765536,0.9609375,0.7203579418344519,0.8900248381448757,0.014720985963711058,0.02926829268292683,0.011771732400436868
17,0.05,caq_noisy_access,0.04591909486806144,0.16352191811300582,0.9396875,0.5458823529411765,0.8670157579706014,0.029784320438206092,0.35121951219512193,0.021193450187751883
17,0.1,caq_noisy_access,0.056842917875275296,0.1941005673076517,0.915,0.4493927125506073,0.8311608778859074,0.055802807257788425,0.3853658536585366,0.02810566431453277
17,0.2,caq_noisy_access,0.06887872504247422,0.24144158729656454,0.8603125,0.3048211508553655,0.7544965185878904,0.11331735706949675,0.47804878048780486,0.028955813199704406
17,0.3,caq_noisy_access,0.07452205042900824,0.2759360499572412,0.9359375,0.0,0.6702227289384747,0.0,1.0,0.02369689345939251
18,0.0,caq_noisy_access,0.030612886820756236,0.12130007519572551,0.9621875,0.7231121281464531,0.8944770363445133,0.0,0.0,5.411863143728133e-32
18,0.02,caq_noisy_access,0.03830081865424059,0.14186353994896983,0.948125,0.6527196652719666,0.8800950488878501,0.01582387340901273,0.02252252252252252,0.007996683849922163
18,0.05,caq_noisy_access,0.048781975964036085,0.17010578147175281,0.9275,0.5687732342007435,0.8626341007362394,0.038871689026487785,0.05405405405405406,0.019071604883608706
18,0.1,caq_noisy_access,0.061554962375416,0.2059696824880033,0.890625,0.46319018404907975,0.8275080830509135,0.08083935328517372,0.09009009009009009,0.024566149525343205
18,0.2,caq_noisy_access,0.07381205715923614,0.2524276813556963,0.8990625,0.22911694510739858,0.7540851544544428,0.05091159270725834,0.7477477477477478,0.0324536629758268
18,0.3,caq_noisy_access,0.07861199349907962,0.28672471272617145,0.8721875,0.17373737373737375,0.6687437185929648,0.07980736154110767,0.7837837837837838,0.02626122729563824
19,0.0,caq_noisy_access,0.02760297530233287,0.11512568640930908,0.966875,0.735,0.8957588887641266,0.0,0.0,3.274080905458301e-33
19,0.02,caq_noisy_access,0.034410910340197866,0.13423054074146495,0.954375,0.6651376146788991,0.8861848493054776,0.01292517006802721,0.010101010101010102,0.004843856523362463
19,0.05,caq_noisy_access,0.04410353482395323,0.16087718688904956,0.933125,0.5685483870967742,0.8649825956578313,0.03537414965986395,0.04040404040404041,0.015119674590829824
19,0.1,caq_noisy_access,0.059173710869123326,0.2065614986956964,0.914375,0.4043478260869565,0.8185060667507711,0.04829931972789116,0.41414141414141414,0.02848548605044718
19,0.2,caq_noisy_access,0.07302338023634483,0.24946352099071312,0.8709375,0.3058823529411765,0.7715556245417737,0.09727891156462586,0.4595959595959596,0.030875637935604223
19,0.3,caq_noisy_access,0.07933838249356055,0.28728798885206974,0.8865625,0.17312072892938496,0.6901383100284678,0.06768707482993197,0.8080808080808081,0.028762917354905354
20,0.0,caq_noisy_access,0.024135922566362558,0.10408009970008743,0.9728125,0.8009153318077803,0.913814640131225,0.0,0.0,5.411863143728133e-32
20,0.02,caq_noisy_access,0.03621379794291875,0.14061831188427948,0.955,0.7024793388429752,0.8909110037325652,0.018107277075503928,0.02857142857142857,0.012691876075517604
20,0.05,caq_noisy_access,0.04893543680392137,0.17364491299101548,0.93,0.5956678700361011,0.8667078597243029,0.044072429108302016,0.05714285714285714,0.021039557767964897
20,0.1,caq_noisy_access,0.06523660391863517,0.2208571409450296,0.8871875,0.4635958395245171,0.8173976952632429,0.08848650495387769,0.10952380952380952,0.030729467537779463
20,0.2,caq_noisy_access,0.07389157699314967,0.2613849675844909,0.864375,0.3281733746130031,0.7406882204154571,0.104202254868466,0.45714285714285713,0.03034520133618934
20,0.3,caq_noisy_access,0.07708067571025161,0.28969624284359957,0.9290625,0.0,0.6637149914576267,0.0,1.0,0.02298549489448129
21,0.0,caq_noisy_access,0.028902875948591172,0.11906991496489262,0.9659375,0.7539503386004515,0.8875532780997079,0.0,0.0,4.622231866529366e-32
21,0.02,caq_noisy_access,0.038784845235487524,0.14628460440747962,0.9496875,0.6707566462167689,0.8723673782772114,0.017265193370165747,0.017699115044247787,0.008719182969805872
21,0.05,caq_noisy_access,0.04710380995797683,0.16852136754890246,0.9315625,0.5966850828729282,0.8553214760756421,0.03798342541436464,0.04424778761061947,0.016551949189378887
21,0.1,caq_noisy_access,0.057524568536996126,0.20084136398313446,0.9003125,0.49122807017543857,0.8160219739815946,0.07044198895027624,0.08849557522123894,0.024094816539799634
21,0.2,caq_noisy_access,0.0700604681152004,0.25100634551859824,0.9321875,0.0,0.748131887145437,0.0,1.0,0.024067423366999924
21,0.3,caq_noisy_access,0.0751368322297982,0.2866705461991287,0.9321875,0.0,0.6514581090078803,0.0,1.0,0.01961249507984146
22,0.0,caq_noisy_access,0.02619391908035726,0.11394490323631111,0.9703125,0.7754137115839244,0.8759517998779743,0.0,0.0,1.0014835710813626e-32
22,0.02,caq_noisy_access,0.03590382794913328,0.1410480947085661,0.9534375,0.6849894291754757,0.8582504575960952,0.017857142857142856,0.009852216748768473,0.004672280161670515
22,0.05,caq_noisy_access,0.04515297785311834,0.16712566357039557,0.934375,0.5992366412213741,0.840022879804759,0.03743131868131868,0.03940886699507389,0.01563440321668189
22,0.1,caq_noisy_access,0.05872687024270658,0.2060865583717712,0.915,0.4403292181069959,0.8066549725442342,0.04979395604395604,0.4039408866995074,0.024476391041461203
22,0.2,caq_noisy_access,0.06829189052204424,0.24422136680113415,0.87,0.3202614379084967,0.7483526540573521,0.09821428571428571,0.47783251231527096,0.02543322643808197
22,0.3,caq_noisy_access,0.07487890726721529,0.2794171461374906,0.93125,0.0,0.6805201342281879,0.0,1.0,0.022445350270013695
23,0.0,caq_noisy_access,0.029613800668128333,0.12837511468673468,0.9671875,0.7552447552447552,0.8805915966386555,0.0,0.0,3.4666738998970245e-32
23,0.02,caq_noisy_access,0.03917759446839346,0.15587265524598382,0.950625,0.6652542372881356,0.8577747899159663,0.017088174982911826,0.03431372549019608,0.014100045130176549
23,0.05,caq_noisy_access,0.049695440908319816,0.18498675601807602,0.928125,0.5724907063197026,0.8368104575163399,0.04066985645933014,0.049019607843137254,0.018345016460268176
23,0.1,caq_noisy_access,0.061343551345083396,0.22186569297910494,0.908125,0.3975409836065574,0.7954838468720822,0.05160628844839371,0.45098039215686275,0.030795356399487023
23,0.2,caq_noisy_access,0.07470397494118482,0.26749857190404003,0.896875,0.21800947867298578,0.724250233426704,0.05126452494873548,0.7696078431372549,0.03130351076352293
23,0.3,caq_noisy_access,0.08121402950851668,0.3064326952172191,0.9296875,0.0,0.631347152194211,0.0,1.0,0.025418974986516345
24,0.0,caq_noisy_access,0.027894489349392745,0.1170453027785781,0.96875,0.7959183673469388,0.9111040771683134,0.0,0.0,3.851859888774472e-33
24,0.02,caq_noisy_access,0.03515965281733035,0.13786536703927252,0.9565625,0.7332053742802304,0.8970521371636728,0.012478336221837088,0.02109704641350211,0.00613516359182318
24,0.05,caq_noisy_access,0.046996080634582195,0.17115082476397375,0.9340625,0.6380789022298456,0.8718694297543828,0.03778162911611785,0.06751054852320675,0.019904314585326512
24,0.1,caq_noisy_access,0.06215399795823805,0.2158830564931668,0.9096875,0.46972477064220186,0.8346720923401704,0.05164644714038128,0.39662447257383965,0.030416804297788553
24,0.2,caq_noisy_access,0.0730022178214154,0.2595684166873973,0.8634375,0.35066864784546803,0.7714363504924282,0.10086655112651646,0.45569620253164556,0.026859012755109716
24,0.3,caq_noisy_access,0.07864375918440061,0.29728784861919677,0.9209375,0.0,0.6789204805315515,0.0,1.0,0.019861413408408163
25,0.0,caq_noisy_access,0.03225901377279759,0.13269976267425504,0.9615625,0.7377398720682303,0.8913299125601384,0.0,0.0,6.162975822039155e-33
25,0.02,caq_noisy_access,0.0404219020290375,0.15695459471024586,0.94625,0.6614173228346457,0.8734773175460058,0.015812994156067378,0.030973451327433628,0.01026824212409093
25,0.05,caq_noisy_access,0.05274495097418596,0.1924907605780958,0.9221875,0.562390158172232,0.8378834626908876,0.039532485390168445,0.06637168141592921,0.021203381324354266
25,0.1,caq_noisy_access,0.06249724072750256,0.22023102529857,0.8896875,0.4691729323308271,0.813297873080686,0.07493984187005844,0.09734513274336283,0.02217518742809333
25,0.2,caq_noisy_access,0.075274432633968,0.2684846437507823,0.89375,0.2672413793103448,0.7454585687028478,0.053626675833619804,0.7123893805309734,0.022606260020157865
25,0.3,caq_noisy_access,0.08110649618921627,0.30283342474014996,0.9240625,0.0,0.6773395347024777,0.0,1.0,0.02190667646091359
26,0.0,caq_noisy_access,0.025047599292629306,0.10487774437478092,0.97125,0.784037558685446,0.9057976009398948,0.0,0.0,2.850376317693109e-32
26,0.02,caq_noisy_access,0.03314340641883915,0.12849393961931396,0.958125,0.7074235807860262,0.8883461312819853,0.013420509291121816,0.033816425120772944,0.012514546040462472
26,0.05,caq_noisy_access,0.04365197629597388,0.15746626543723719,0.9365625,0.6088631984585742,0.8623856724245947,0.03682037164487268,0.06763285024154589,0.01919572762244811
26,0.1,caq_noisy_access,0.05716227209924443,0.19578053828263775,0.899375,0.4872611464968153,0.8320903009777296,0.07673778389538885,0.10144927536231885,0.023937947249982584
26,0.2,caq_noisy_access,0.06931551651467363,0.24561442489530053,0.9315625,0.0,0.7474798533788576,0.0,1.0,0.027492302828350343
26,0.3,caq_noisy_access,0.07430489942363001,0.28043611226489173,0.9315625,0.0,0.6692660824491183,0.0,1.0,0.02137755732280363
27,0.0,caq_noisy_access,0.025584979398262205,0.10787255962782609,0.9703125,0.7835990888382688,0.8917620727726574,0.0,0.0,1.2518544638517033e-32
27,0.02,caq_noisy_access,0.03460993770471471,0.1336108737110973,0.95375,0.6942148760330579,0.8756240399385561,0.017412086036189826,0.027906976744186046,0.008738352331336288
27,0.05,caq_noisy_access,0.04427042675054241,0.16145154259727776,0.9315625,0.5996343692870201,0.8613686275921659,0.04096961420279959,0.05581395348837209,0.015735815606289488
27,0.1,caq_noisy_access,0.057351614657943174,0.20567961993125988,0.911875,0.4470588235294118,0.8088727678571429,0.05257767156025948,0.386046511627907,0.023554220243270217
27,0.2,caq_noisy_access,0.06963844323310978,0.25526776853144695,0.8921875,0.20689655172413793,0.7317918346774194,0.051894844656879484,0.7255813953488373,0.025377115198652243
27,0.3,caq_noisy_access,0.07489572419561759,0.2903954177951496,0.93,0.0,0.6651455693164362,0.0,1.0,0.02074729122644671
28,0.0,caq_noisy_access,0.027135296768847385,0.11108033265044158,0.9678125,0.7927565392354124,0.9109943249060114,0.0,0.0,1.560003254953661e-32
28,0.02,caq_noisy_access,0.035255188207214495,0.1336316033650488,0.955,0.7303370786516854,0.9001161440185831,0.013593586615545486,0.00796812749003984,0.0026712179388949688
28,0.05,caq_noisy_access,0.048022063843829385,0.1685724627328535,0.93,0.6291390728476821,0.8767070693726572,0.040432206343673754,0.035856573705179286,0.013943451615503574
28,0.1,caq_noisy_access,0.06243411214123488,0.21239302719677675,0.895,0.5144508670520231,0.8295971839203835,0.07598466364586964,0.09163346613545817,0.025854056776379065
28,0.2,caq_noisy_access,0.07960052401658117,0.27577874569226596,0.8528125,0.29596412556053814,0.738219088352021,0.10596026490066225,0.5258964143426295,0.030564761155077162
28,0.3,caq_noisy_access,0.08322693775437856,0.31280039123518133,0.923125,0.0,0.6478180336982787,0.0,1.0,0.023947577106214056
29,0.0,caq_noisy_access,0.02693099152225514,0.11369605545106942,0.97,0.7757009345794392,0.8995775860890487,0.0,0.0,1.560003254953661e-32
29,0.02,caq_noisy_access,0.03387876947248096,0.13124799813531735,0.9578125,0.7109207708779444,0.8899916307060434,0.013647219379051518,0.004830917874396135,0.0012924525528012333
29,0.05,caq_noisy_access,0.04224893293849975,0.1548638432771649,0.94,0.627906976744186,0.8621041103713931,0.032412146025247356,0.033816425120772944,0.010385888506513319
29,0.1,caq_noisy_access,0.05251540869698691,0.18406835982949346,0.90625,0.5145631067961165,0.8397940941036729,0.06994199931763903,0.07246376811594203,0.01659888247037886
29,0.2,caq_noisy_access,0.06775107641995602,0.2432246101982272,0.9309375,0.0,0.7521732064116994,0.0,1.0,0.026213682759565916
29,0.3,caq_noisy_access,0.07158955927049471,0.2752389713862668,0.9309375,0.0,0.6769801886204942,0.0,1.0,0.0191709668993445
30,0.0,caq_noisy_access,0.030547265387855273,0.12564999143080363,0.9640625,0.7368421052631579,0.8753116192754316,0.0,0.0,1.8488927466117464e-32
30,0.02,caq_noisy_access,0.035985990964909426,0.13955244814958834,0.9540625,0.6865671641791045,0.8798320758099089,0.012064805239572561,0.014018691588785047,0.006767755257215311
30,0.05,caq_noisy_access,0.04595723022384515,0.1655360715331344,0.9353125,0.6086956521739131,0.8758930575367805,0.03378145467080317,0.028037383177570093,0.012593949563849263
30,0.1,caq_noisy_access,0.05673720115974096,0.196931250169936,0.905,0.5064935064935064,0.845552825774887,0.0672182006204757,0.07476635514018691,0.022239088009305956
30,0.2,caq_noisy_access,0.06798959523614762,0.24086315540683045,0.9065625,0.2430379746835443,0.7769235288180987,0.04136504653567735,0.7570093457943925,0.021840951794312672
30,0.3,caq_noisy_access,0.06991869786003269,0.26538972523357596,0.9303125,0.0,0.7081918023230417,0.0,1.0,0.01602460126300446
31,0.0,caq_noisy_access,0.028411648765879458,0.11937282036443164,0.9671875,0.7629796839729119,0.872641849078341,0.0,0.0,6.355568816477878e-33
31,0.02,caq_noisy_access,0.03730937179128972,0.14404909777432004,0.9525,0.6859504132231405,0.8556262600806451,0.015083990401097017,0.0136986301369863,0.006146346847116605
31,0.05,caq_noisy_access,0.04776813085507285,0.1715252187883712,0.9328125,0.6040515653775322,0.837382092453917,0.03702434007541995,0.0365296803652968,0.013876978973979423
31,0.1,caq_noisy_access,0.06367134784600373,0.21760624902393325,0.895,0.47987616099071206,0.8060720886136713,0.07713404182379156,0.1004566210045662,0.028396307748687084
31,0.2,caq_noisy_access,0.07611556534754811,0.26437502891827236,0.868125,0.3193548387096774,0.7425235215053764,0.09598902982516284,0.4703196347031963,0.03556347848653338
31,0.3,caq_noisy_access,0.0819045697803195,0.2989298068118996,0.8815625,0.20876826722338204,0.6707619287634409,0.06924922865958176,0.7579908675799086,0.02938242210731567
32,0.0,caq_noisy_access,0.028200338675251038,0.11848097713022493,0.96875,0.7674418604651163,0.8800191631306128,0.0,0.0,6.162975822039155e-33
32,0.02,caq_noisy_access,0.033802624950577925,0.1326709459231864,0.9584375,0.7139784946236559,0.8773842326713523,0.011986301369863013,0.0,5.235359335455951e-05
32,0.05,caq_noisy_access,0.04359225323702704,0.16254753689833673,0.9375,0.5192307692307693,0.8452830132535067,0.02089041095890411,0.36764705882352944,0.016689463922177166
32,0.1,caq_noisy_access,0.05264055547514289,0.18761588444505498,0.9175,0.4476987447698745,0.8314760371598098,0.04417808219178082,0.39705882352941174,0.02120479624138743
32,0.2,caq_noisy_access,0.06818690664780384,0.24240493845482064,0.9028125,0.2577565632458234,0.7689176401973445,0.04726027397260274,0.7303921568627451,0.024019845949326886
32,0.3,caq_noisy_access,0.0718559138523417,0.26747747835493746,0.929375,0.0,0.715305509102487,0.0,1.0,0.01658273675079423
33,0.0,caq_noisy_access,0.02688941421263447,0.1133671538112305,0.96875,0.7797356828193832,0.9025720695895191,0.0,0.0,1.5407439555097887e-32
33,0.02,caq_noisy_access,0.03889677706317812,0.14762301723337296,0.9496875,0.6811881188118812,0.8841100459850921,0.01915839890523435,0.02262443438914027,0.011914706391994094
33,0.05,caq_noisy_access,0.0469005487952621,0.1692821226785216,0.9346875,0.6179159049360147,0.8678684412659425,0.034895655148819704,0.04072398190045249,0.017240467886497093
33,0.1,caq_noisy_access,0.06400887169447315,0.21908468445346396,0.8965625,0.4899845916795069,0.8319989122117253,0.074580910023948,0.10407239819004525,0.03133631027190731
33,0.2,caq_noisy_access,0.08021766225969502,0.2737104043119433,0.826875,0.34515366430260047,0.7583388662989595,0.1495039343140609,0.20361990950226244,0.03622893805947129
33,0.3,caq_noisy_access,0.08424834207516252,0.3081381983265174,0.9271875,0.0,0.664832470480001,0.0,1.0,0.0270512026662708
34,0.0,caq_noisy_access,0.02413348122744653,0.10520659712016743,0.9721875,0.7944572748267898,0.8973667320732983,0.0,0.0,6.211124070648836e-33
34,0.02,caq_noisy_access,0.03229826084232724,0.12874125520226912,0.9590625,0.721868365180467,0.8804330010921528,0.014060356652949246,0.014018691588785047,0.006495958056732717
34,0.05,caq_noisy_access,0.04225432985379905,0.1562841813341436,0.94125,0.637065637065637,0.8544526292087329,0.03292181069958848,0.0514018691588785,0.018356020617179492
34,0.1,caq_noisy_access,0.05902215460191009,0.20214109788149945,0.9015625,0.5023696682464455,0.8218733868534203,0.07647462277091907,0.10747663551401869,0.030494819582568406
34,0.2,caq_noisy_access,0.07446480515553924,0.25180884893613337,0.871875,0.359375,0.7567899589332132,0.10185185185185185,0.4205607476635514,0.03304840168246279
34,0.3,caq_noisy_access,0.07742331726986248,0.2847512886548712,0.9315625,0.0,0.6730863199042949,0.0,1.0,0.026046366689944325
35,0.0,caq_noisy_access,0.028252020315389162,0.11748405856992825,0.96625,0.7662337662337663,0.8880553599314125,0.0,0.0,1.8681520460556188e-32
35,0.02,caq_noisy_access,0.03900193760018682,0.14766839707188242,0.949375,0.6823529411764706,0.8710819886299845,0.01828847481021394,0.021645021645021644,0.008868100864026021
35,0.05,caq_noisy_access,0.049274509703066086,0.17600268563247762,0.928125,0.5979020979020979,0.8492765794887721,0.04175293305728088,0.047619047619047616,0.016964810917355105
35,0.1,caq_noisy_access,0.06022692190209499,0.21152889659321936,0.8965625,0.4915514592933948,0.8073104620763766,0.0748792270531401,0.12121212121212122,0.029187739226734066
35,0.2,caq_noisy_access,0.07645376028427738,0.26902463045418806,0.8940625,0.21345707656612528,0.7242311971176909,0.048654244306418216,0.7445887445887446,0.03162553674351048
35,0.3,caq_noisy_access,0.08349323672963394,0.30940690274188204,0.9278125,0.0,0.6440170360682318,0.0,1.0,0.02658464351256668
36,0.0,caq_noisy_access,0.022548250186414882,0.09845774752130422,0.9753125,0.8105515587529976,0.9055610305062155,0.0,0.0,3.0863027358805455e-32
36,0.02,caq_noisy_access,0.030629111093302325,0.1206009928621344,0.963125,0.7400881057268722,0.8958680102038411,0.01330603889457523,0.00980392156862745,0.004377539239367641
36,0.05,caq_noisy_access,0.0454664398243559,0.1601177185056977,0.9365625,0.6162570888468809,0.8713533292153322,0.04128283862163084,0.04411764705882353,0.017107294765594323
36,0.1,caq_noisy_access,0.05756915728777612,0.19518366794297812,0.903125,0.5,0.8319399714883431,0.0767656090071648,0.10784313725490197,0.030388533225058356
36,0.2,caq_noisy_access,0.06940152462271146,0.24323726827655975,0.8928125,0.2292134831460674,0.7574041503793434,0.06073012623677926,0.7352941176470589,0.02738110149030378
36,0.3,caq_noisy_access,0.07122407869493794,0.26824416274716795,0.9334375,0.0,0.6881667193204983,0.0,1.0,0.019855416594687907
37,0.0,caq_noisy_access,0.027376984874443525,0.11378408151013296,0.9690625,0.8,0.9113545218113471,0.0,0.0,6.240013019814644e-32
37,0.02,caq_noisy_access,0.03768669474371842,0.14356819365716122,0.9528125,0.7198515769944341,0.8949304462802693,0.017445917655268667,0.024291497975708502,0.009846420807185242
37,0.05,caq_noisy_access,0.04866257889431073,0.17319728738875584,0.9309375,0.632279534109817,0.8744467938630999,0.04152128401953943,0.05263157894736842,0.016462613314304323
37,0.1,caq_noisy_access,0.06207964204944703,0.2115001970027813,0.9078125,0.47227191413237923,0.848202967916776,0.055826936496859735,0.38866396761133604,0.022974473097284374
37,0.2,caq_noisy_access,0.08165446709337468,0.2749674163628362,0.8584375,0.35561877667140823,0.7738479652941691,0.11025819958129798,0.43724696356275305,0.029142152388111294
37,0.3,caq_noisy_access,0.08833314742517953,0.30957575286291145,0.8625,0.2114695340501792,0.7088441952967917,0.08478715980460572,0.728744939271255,0.027750314621835373
38,0.0,caq_noisy_access,0.02689251708034883,0.11504897411309922,0.9690625,0.7814569536423841,0.9028328728955632,0.0,0.0,1.9259299443872359e-32
38,0.02,caq_noisy_access,0.038061365548244186,0.14493617749611054,0.9509375,0.689108910891089,0.8848994120563859,0.01935706878672658,0.017777777777777778,0.00692349506763422
38,0.05,caq_noisy_access,0.047843611585692294,0.17183452122357992,0.9315625,0.6096256684491979,0.8679089631885906,0.041479433114414106,0.05333333333333334,0.014191231493911084
38,0.1,caq_noisy_access,0.059051223666783906,0.20574460584512713,0.89875,0.5015384615384615,0.831050329390097,0.07604562737642585,0.10222222222222223,0.022143536786937135
38,0.2,caq_noisy_access,0.0667094515819659,0.23416620375011965,0.9021875,0.2837528604118993,0.7875212509740029,0.051157967507777395,0.7288888888888889,0.018806648017004064
38,0.3,caq_noisy_access,0.07233384819777208,0.26811153569705765,0.92875,0.0,0.7127163467214469,0.0,1.0,0.018244097394224817
39,0.0,caq_noisy_access,0.026173940737400914,0.10704589754027281,0.9696875,0.7531806615776081,0.8885191892492647,0.0,0.0,6.355568816477878e-33
39,0.02,caq_noisy_access,0.033160131830537364,0.1228532494431142,0.9546875,0.6756152125279642,0.8907075201042128,0.01909307875894988,0.01,0.00282010958888999
39,0.05,caq_noisy_access,0.04430966697993031,0.1560314815341482,0.9309375,0.5658153241650294,0.8544208591007856,0.04330037504261848,0.055,0.01931173522098514
39,0.1,caq_noisy_access,0.05113767882082795,0.18010399848031322,0.918125,0.41517857142857145,0.8203897296636001,0.0470508012274122,0.415,0.02441219904701801
39,0.2,caq_noisy_access,0.06576484717489674,0.23245862793771452,0.8721875,0.288695652173913,0.7538713640538226,0.0954653937947494,0.49,0.03081620294482549
39,0.3,caq_noisy_access,0.0679723238946315,0.2536510109284699,0.9396875,0.0,0.6929461653378731,0.0,1.0,0.022513159223843823
